timeOpen;timeClose;timeHigh;timeLow;name;open;high;low;close;volume;marketCap;timestamp
"2024-12-07T00:00:00.000Z";"2024-12-07T23:59:59.999Z";"2024-12-07T21:10:00.000Z";"2024-12-07T03:25:00.000Z";"2781";237.0510703082;243.1240213446;234.659052513;238.5479615182;4003422914.32;113550426609.2;"2024-12-07T23:59:59.999Z"
"2024-12-06T00:00:00.000Z";"2024-12-06T23:59:59.999Z";"2024-12-06T01:32:00.000Z";"2024-12-06T13:03:00.000Z";"2781";236.5414808966;246.4186514361;231.4259602247;237.0510703082;6726557034.15;112705632125.11;"2024-12-06T23:59:59.999Z"
"2024-12-05T00:00:00.000Z";"2024-12-05T23:59:59.999Z";"2024-12-05T12:28:00.000Z";"2024-12-05T01:28:00.000Z";"2781";229.1193897301;244.6809571651;223.4605362277;233.9987003666;8820663278.76;111247373459.21;"2024-12-05T23:59:59.999Z"
"2024-12-04T00:00:00.000Z";"2024-12-04T23:59:59.999Z";"2024-12-04T05:19:00.000Z";"2024-12-04T17:19:00.000Z";"2781";234.2003156236;240.7195922402;225.2549116036;229.1192886389;6569129895.66;108913388188.85;"2024-12-04T23:59:59.999Z"
"2024-12-03T00:00:00.000Z";"2024-12-03T23:59:59.999Z";"2024-12-03T21:56:00.000Z";"2024-12-03T14:37:00.000Z";"2781";225.7685644243;239.2725157501;216.473030362;234.2003156236;8404095315.37;111302903160.88;"2024-12-03T23:59:59.999Z"
"2024-12-02T00:00:00.000Z";"2024-12-02T23:59:59.999Z";"2024-12-02T02:02:00.000Z";"2024-12-02T18:01:00.000Z";"2781";237.0654351069;237.8766105463;220.5511856224;225.7561949157;7374176294.67;107299929555.61;"2024-12-02T23:59:59.999Z"
"2024-12-01T00:00:00.000Z";"2024-12-01T23:59:59.999Z";"2024-12-01T00:37:00.000Z";"2024-12-01T03:00:00.000Z";"2781";237.743828143;239.8065745464;234.5303889278;237.0699247313;3726118865.97;112643053873.49;"2024-12-01T23:59:59.999Z"
"2024-11-30T00:00:00.000Z";"2024-11-30T23:59:59.999Z";"2024-11-30T08:40:00.000Z";"2024-11-30T23:59:00.000Z";"2781";243.5488358367;245.2368836685;237.7225353322;237.743748249;3549156564.14;112945731748.69;"2024-11-30T23:59:59.999Z"
"2024-11-29T00:00:00.000Z";"2024-11-29T23:59:59.999Z";"2024-11-29T12:11:00.000Z";"2024-11-29T01:20:00.000Z";"2781";237.7639813898;246.7762963841;236.8212414679;243.5494951774;4152396835.15;115656693234.89;"2024-11-29T23:59:59.999Z"
"2024-11-28T00:00:00.000Z";"2024-11-28T23:59:59.999Z";"2024-11-28T00:47:00.000Z";"2024-11-28T15:55:00.000Z";"2781";242.3004537327;245.2044590618;233.2028665988;237.7640140991;4047310070.21;112914824463.62;"2024-11-28T23:59:59.999Z"
"2024-11-27T00:00:00.000Z";"2024-11-27T23:59:59.999Z";"2024-11-27T23:46:00.000Z";"2024-11-27T05:23:00.000Z";"2781";230.9722099779;243.1247977144;228.130057386;242.3022187293;5381404312.15;115044588555.37;"2024-11-27T23:59:59.999Z"
"2024-11-26T00:00:00.000Z";"2024-11-26T23:59:59.999Z";"2024-11-26T06:31:00.000Z";"2024-11-26T11:33:00.000Z";"2781";234.4456741102;239.6377977318;222.9572023311;230.9782013738;6996936265.12;109670601208.73;"2024-11-26T23:59:59.999Z"
"2024-11-25T00:00:00.000Z";"2024-11-25T23:59:59.999Z";"2024-11-25T09:22:00.000Z";"2024-11-25T22:40:00.000Z";"2781";252.9160620047;256.4227093523;231.5519922113;234.4466044915;6616015634.52;111295197217.74;"2024-11-25T23:59:59.999Z"
"2024-11-24T00:00:00.000Z";"2024-11-24T23:59:59.999Z";"2024-11-24T01:14:00.000Z";"2024-11-24T12:46:00.000Z";"2781";255.1785179074;259.625634643;243.1221669872;252.9195255835;5330146683.32;120055808396.61;"2024-11-24T23:59:59.999Z"
"2024-11-23T00:00:00.000Z";"2024-11-23T23:59:59.999Z";"2024-11-23T04:43:00.000Z";"2024-11-23T20:31:00.000Z";"2781";256.51816209;263.8315458431;253.1874316959;255.1785179074;6234742857.66;121118167396.94;"2024-11-23T23:59:59.999Z"
"2024-11-22T00:00:00.000Z";"2024-11-22T23:59:59.999Z";"2024-11-22T03:29:00.000Z";"2024-11-22T18:55:00.000Z";"2781";257.081420407;263.7008740112;252.1354165248;256.5186638675;7249493782.5;121762443512.96;"2024-11-22T23:59:59.999Z"
"2024-11-21T00:00:00.000Z";"2024-11-21T23:59:59.999Z";"2024-11-21T19:16:00.000Z";"2024-11-21T02:44:00.000Z";"2781";235.4274056553;259.0535598275;230.3415731162;257.0658785958;10735314059.65;122006531826.7;"2024-11-21T23:59:59.999Z"
"2024-11-20T00:00:00.000Z";"2024-11-20T23:59:59.999Z";"2024-11-20T14:12:00.000Z";"2024-11-20T03:37:00.000Z";"2781";238.0925807662;242.1078819154;230.9105599864;235.4236566698;6454141445;111737157015.35;"2024-11-20T23:59:59.999Z"
"2024-11-19T00:00:00.000Z";"2024-11-19T23:59:59.999Z";"2024-11-19T12:08:00.000Z";"2024-11-19T22:34:00.000Z";"2781";239.8008905753;247.0905667634;234.1530641274;238.0975461465;6711919414.19;113014230322.24;"2024-11-19T23:59:59.999Z"
"2024-11-18T00:00:00.000Z";"2024-11-18T23:59:59.999Z";"2024-11-18T10:56:00.000Z";"2024-11-18T00:56:00.000Z";"2781";237.575528406;248.1928162967;234.4010480194;239.7942522866;8798714212.77;113803587781.25;"2024-11-18T23:59:59.999Z"
"2024-11-17T00:00:00.000Z";"2024-11-17T23:59:59.999Z";"2024-11-17T08:44:00.000Z";"2024-11-17T02:17:00.000Z";"2781";215.8477960379;241.235331619;212.7281694523;237.575528406;9981076721.73;112756377394.86;"2024-11-17T23:59:59.999Z"
"2024-11-16T00:00:00.000Z";"2024-11-16T23:59:59.999Z";"2024-11-16T05:37:00.000Z";"2024-11-16T16:09:00.000Z";"2781";218.5693711238;221.6623697385;213.8047717375;215.8488273288;4698955745.43;101875891973.71;"2024-11-16T23:59:59.999Z"
"2024-11-15T00:00:00.000Z";"2024-11-15T23:59:59.999Z";"2024-11-15T22:43:00.000Z";"2024-11-15T04:52:00.000Z";"2781";209.2362381869;219.538787122;204.8280183053;218.0949027165;6109860311.08;102956175562.37;"2024-11-15T23:59:59.999Z"
"2024-11-14T00:00:00.000Z";"2024-11-14T23:59:59.999Z";"2024-11-14T09:28:00.000Z";"2024-11-14T23:43:00.000Z";"2781";215.1844706781;222.6391491202;207.4968042688;209.219074833;8094554275.15;98747160475.69;"2024-11-14T23:59:59.999Z"
"2024-11-13T00:00:00.000Z";"2024-11-13T23:59:59.999Z";"2024-11-13T17:18:00.000Z";"2024-11-13T04:53:00.000Z";"2781";212.2080149942;220.3391885387;201.4705777386;215.1845608449;11296665807.73;101568612058.37;"2024-11-13T23:59:59.999Z"
"2024-11-12T00:00:00.000Z";"2024-11-12T23:59:59.999Z";"2024-11-12T09:03:00.000Z";"2024-11-12T13:54:00.000Z";"2781";222.6416730626;225.0115247926;205.4478575114;212.2318090899;11308516682.3;100142981142.99;"2024-11-12T23:59:59.999Z"
"2024-11-11T00:00:00.000Z";"2024-11-11T23:59:59.999Z";"2024-11-11T23:26:00.000Z";"2024-11-11T05:41:00.000Z";"2781";210.6137295645;223.2198010881;204.562297764;222.6416730626;10290809023.46;105070241080.14;"2024-11-11T23:59:59.999Z"
"2024-11-10T00:00:00.000Z";"2024-11-10T23:59:59.999Z";"2024-11-10T17:56:00.000Z";"2024-11-10T00:12:00.000Z";"2781";200.195955438;215.1790784919;198.9831014972;210.6137295645;8564655764.61;99334998768.58;"2024-11-10T23:59:59.999Z"
"2024-11-09T00:00:00.000Z";"2024-11-09T23:59:59.999Z";"2024-11-09T11:00:00.000Z";"2024-11-09T17:18:00.000Z";"2781";199.9396102038;203.3472921392;195.4741099969;200.1949112267;3363617004.23;94424338652.73;"2024-11-09T23:59:59.999Z"
"2024-11-08T00:00:00.000Z";"2024-11-08T23:59:59.999Z";"2024-11-08T14:10:00.000Z";"2024-11-08T03:01:00.000Z";"2781";196.3345906859;204.9697585053;196.023737314;199.9390103901;5673142494.96;94306649563.89;"2024-11-08T23:59:59.999Z"
"2024-11-07T00:00:00.000Z";"2024-11-07T23:59:59.999Z";"2024-11-07T21:10:00.000Z";"2024-11-07T12:01:00.000Z";"2781";186.954788082;197.9009408375;186.1360475607;196.3345906859;4700842779.96;92585086179.01;"2024-11-07T23:59:59.999Z"
"2024-11-06T00:00:00.000Z";"2024-11-06T23:59:59.999Z";"2024-11-06T22:43:00.000Z";"2024-11-06T00:11:00.000Z";"2781";166.7224014224;189.9154849833;166.6982483889;186.954788082;9822932731.03;88058563960.61;"2024-11-06T23:59:59.999Z"
"2024-11-05T00:00:00.000Z";"2024-11-05T23:59:59.999Z";"2024-11-05T17:09:00.000Z";"2024-11-05T01:38:00.000Z";"2781";157.7471053445;169.1266523759;156.9881950906;166.7224014224;3243848057.37;78511122753.24;"2024-11-05T23:59:59.999Z"
"2024-11-04T00:00:00.000Z";"2024-11-04T23:59:59.999Z";"2024-11-04T03:04:00.000Z";"2024-11-04T21:59:00.000Z";"2781";162.551697336;164.7139042535;155.1655239191;157.7471053445;2809006699.93;74286136208.33;"2024-11-04T23:59:59.999Z"
"2024-11-03T00:00:00.000Z";"2024-11-03T23:59:59.999Z";"2024-11-03T00:33:00.000Z";"2024-11-03T15:14:00.000Z";"2781";166.0103487579;166.3763344583;158.1367705351;162.551297336;2645801645.75;76531617920.46;"2024-11-03T23:59:59.999Z"
"2024-11-02T00:00:00.000Z";"2024-11-02T23:59:59.999Z";"2024-11-02T02:31:00.000Z";"2024-11-02T15:13:00.000Z";"2781";166.2621267472;168.4605765161;162.3870199697;166.0103487579;1618170398.47;78161516157.4;"2024-11-02T23:59:59.999Z"
"2024-11-01T00:00:00.000Z";"2024-11-01T23:59:59.999Z";"2024-11-01T14:22:00.000Z";"2024-11-01T16:02:00.000Z";"2781";168.430223231;173.850024498;164.0325530266;166.2621267472;3157093059.71;78282380191.8;"2024-11-01T23:59:59.999Z"
"2024-10-31T00:00:00.000Z";"2024-10-31T23:59:59.999Z";"2024-10-31T02:38:00.000Z";"2024-10-31T22:27:00.000Z";"2781";174.9250832517;176.2798501385;167.5767892017;168.4299949144;2652620405.81;79226864991.17;"2024-10-31T23:59:59.999Z"
"2024-10-30T00:00:00.000Z";"2024-10-30T23:59:59.999Z";"2024-10-30T05:14:00.000Z";"2024-10-30T20:13:00.000Z";"2781";179.3607483503;181.1526673634;173.3993951432;174.9249779885;2772422772.99;82280136099.12;"2024-10-30T23:59:59.999Z"
"2024-10-29T00:00:00.000Z";"2024-10-29T23:59:59.999Z";"2024-10-29T16:55:00.000Z";"2024-10-29T20:27:00.000Z";"2781";178.1036381993;183.039437932;176.8554772938;179.3607483503;3919545873.3;84346383406.2;"2024-10-29T23:59:59.999Z"
"2024-10-28T00:00:00.000Z";"2024-10-28T23:59:59.999Z";"2024-10-28T22:28:00.000Z";"2024-10-28T17:08:00.000Z";"2781";176.5536776643;179.4079787579;172.8722493251;178.104910434;3623055701.39;83758559728.48;"2024-10-28T23:59:59.999Z"
"2024-10-27T00:00:00.000Z";"2024-10-27T23:59:59.999Z";"2024-10-27T23:04:00.000Z";"2024-10-27T00:19:00.000Z";"2781";170.7059571882;177.8951504347;170.192448667;176.5491896419;2427933420.05;83010872581.09;"2024-10-27T23:59:59.999Z"
"2024-10-26T00:00:00.000Z";"2024-10-26T23:59:59.999Z";"2024-10-26T21:37:00.000Z";"2024-10-26T02:14:00.000Z";"2781";164.7560032586;172.8228336075;162.4433660092;170.7059571882;2755373491.55;80264154878.61;"2024-10-26T23:59:59.999Z"
"2024-10-25T00:00:00.000Z";"2024-10-25T23:59:59.999Z";"2024-10-25T00:05:00.000Z";"2024-10-25T23:25:00.000Z";"2781";177.1571327074;177.1919430987;160.0352745862;164.756893108;4869966180.41;77465876123.89;"2024-10-25T23:59:59.999Z"
"2024-10-24T00:00:00.000Z";"2024-10-24T23:59:59.999Z";"2024-10-24T22:50:00.000Z";"2024-10-24T00:25:00.000Z";"2781";171.1108632446;178.9953061723;170.5173768822;177.1569403997;3529481044.48;83280052149.31;"2024-10-24T23:59:59.999Z"
"2024-10-23T00:00:00.000Z";"2024-10-23T23:59:59.999Z";"2024-10-23T20:42:00.000Z";"2024-10-23T09:13:00.000Z";"2781";167.26063102;173.8150160469;164.1938211433;170.9324925334;3861697574.51;80357899591.68;"2024-10-23T23:59:59.999Z"
"2024-10-22T00:00:00.000Z";"2024-10-22T23:59:59.999Z";"2024-10-22T15:05:00.000Z";"2024-10-22T00:34:00.000Z";"2781";166.2176041685;170.7600820368;163.2853692382;167.2601456823;3470792372;78613008012.25;"2024-10-22T23:59:59.999Z"
"2024-10-21T00:00:00.000Z";"2024-10-21T23:59:59.999Z";"2024-10-21T05:07:00.000Z";"2024-10-21T13:56:00.000Z";"2781";166.9386185531;171.4306627184;161.8104969721;166.2168658825;3924173187.92;78125545441.59;"2024-10-21T23:59:59.999Z"
"2024-10-20T00:00:00.000Z";"2024-10-20T23:59:59.999Z";"2024-10-20T23:37:00.000Z";"2024-10-20T13:30:00.000Z";"2781";159.6412186715;167.5856404697;157.7657324578;166.9398160591;2579198898.89;78447764539.42;"2024-10-20T23:59:59.999Z"
"2024-10-19T00:00:00.000Z";"2024-10-19T23:59:59.999Z";"2024-10-19T23:46:00.000Z";"2024-10-19T12:01:00.000Z";"2781";154.975935952;159.7104158282;153.9128258557;159.6393588637;1440375026.09;75019971193.13;"2024-10-19T23:59:59.999Z"
"2024-10-18T00:00:00.000Z";"2024-10-18T23:59:59.999Z";"2024-10-18T18:38:00.000Z";"2024-10-18T01:02:00.000Z";"2781";150.322700571;156.5374211831;149.7010235809;154.975935952;1754226838.73;72830003198.78;"2024-10-18T23:59:59.999Z"
"2024-10-17T00:00:00.000Z";"2024-10-17T23:59:59.999Z";"2024-10-17T02:01:00.000Z";"2024-10-17T18:37:00.000Z";"2781";154.2381724719;155.5516401946;147.9434982853;150.3160234545;2157747733;70626579002.7;"2024-10-17T23:59:59.999Z"
"2024-10-16T00:00:00.000Z";"2024-10-16T23:59:59.999Z";"2024-10-16T11:34:00.000Z";"2024-10-16T07:18:00.000Z";"2781";154.7206303431;158.1370460151;153.0816923625;154.234226016;2397546607.63;72469382784.64;"2024-10-16T23:59:59.999Z"
"2024-10-15T00:00:00.000Z";"2024-10-15T23:59:59.999Z";"2024-10-15T14:03:00.000Z";"2024-10-15T15:11:00.000Z";"2781";157.4451336168;158.7157606639;150.9095108092;154.7206303431;3451652506.25;72679095651.39;"2024-10-15T23:59:59.999Z"
"2024-10-14T00:00:00.000Z";"2024-10-14T23:59:59.999Z";"2024-10-14T23:03:00.000Z";"2024-10-14T00:20:00.000Z";"2781";147.5702590699;157.7541009021;147.0058364753;157.4451336168;2929339176.28;73960299178.43;"2024-10-14T23:59:59.999Z"
"2024-10-13T00:00:00.000Z";"2024-10-13T23:59:59.999Z";"2024-10-13T22:07:00.000Z";"2024-10-13T15:31:00.000Z";"2781";146.5003390072;148.7133305043;144.6236370412;147.5724387494;1294444110.72;69305184981.96;"2024-10-13T23:59:59.999Z"
"2024-10-12T00:00:00.000Z";"2024-10-12T23:59:59.999Z";"2024-10-12T13:09:00.000Z";"2024-10-12T03:30:00.000Z";"2781";145.3811429828;147.1369020854;144.7617614478;146.5002900319;1118630507.06;68802612898.99;"2024-10-12T23:59:59.999Z"
"2024-10-11T00:00:00.000Z";"2024-10-11T23:59:59.999Z";"2024-10-11T19:13:00.000Z";"2024-10-11T01:36:00.000Z";"2781";138.8867428713;146.4306400712;138.7558586378;145.3811429828;1797846253.18;68279615697.49;"2024-10-11T23:59:59.999Z"
"2024-10-10T00:00:00.000Z";"2024-10-10T23:59:59.999Z";"2024-10-10T05:55:00.000Z";"2024-10-10T18:28:00.000Z";"2781";139.3137585684;140.5805838789;135.582698631;138.8884069163;1770157917.25;65188822118.14;"2024-10-10T23:59:59.999Z"
"2024-10-09T00:00:00.000Z";"2024-10-09T23:59:59.999Z";"2024-10-09T01:39:00.000Z";"2024-10-09T21:01:00.000Z";"2781";143.3953391187;145.1295144762;138.7974344407;139.3155388547;1697499287.16;65390312618.67;"2024-10-09T23:59:59.999Z"
"2024-10-08T00:00:00.000Z";"2024-10-08T23:59:59.999Z";"2024-10-08T02:10:00.000Z";"2024-10-08T15:37:00.000Z";"2781";143.9917949372;145.4487861069;141.2363760444;143.3944278251;1710617951.38;67289754475.31;"2024-10-08T23:59:59.999Z"
"2024-10-07T00:00:00.000Z";"2024-10-07T23:59:59.999Z";"2024-10-07T14:44:00.000Z";"2024-10-07T23:07:00.000Z";"2781";146.4435366746;152.1038409982;143.6045908303;143.9917949372;2678803498.38;67570159832.25;"2024-10-07T23:59:59.999Z"
"2024-10-06T00:00:00.000Z";"2024-10-06T23:59:59.999Z";"2024-10-06T23:46:00.000Z";"2024-10-06T00:11:00.000Z";"2781";142.7117164263;146.6200183613;142.1142357392;146.4423702062;1168715644.91;68621427919.74;"2024-10-06T23:59:59.999Z"
"2024-10-05T00:00:00.000Z";"2024-10-05T23:59:59.999Z";"2024-10-05T08:28:00.000Z";"2024-10-05T21:00:00.000Z";"2781";143.1722728566;144.8342883085;141.1696555454;142.7117389195;1113937759.98;66873896464.31;"2024-10-05T23:59:59.999Z"
"2024-10-04T00:00:00.000Z";"2024-10-04T23:59:59.999Z";"2024-10-04T21:15:00.000Z";"2024-10-04T01:03:00.000Z";"2781";136.7851921568;144.4267873796;136.0756436432;143.1722728566;2361841303.1;67073547889.54;"2024-10-04T23:59:59.999Z"
"2024-10-03T00:00:00.000Z";"2024-10-03T23:59:59.999Z";"2024-10-03T04:01:00.000Z";"2024-10-03T15:45:00.000Z";"2781";140.3848989161;142.8054309247;133.5531694475;136.7851921568;2914986843.76;64082066300.7;"2024-10-03T23:59:59.999Z"
"2024-10-02T00:00:00.000Z";"2024-10-02T23:59:59.999Z";"2024-10-02T06:49:00.000Z";"2024-10-02T20:28:00.000Z";"2781";145.2898891044;148.8256756777;138.9187518511;140.3855565557;2892264150.13;65770157365.72;"2024-10-02T23:59:59.999Z"
"2024-10-01T00:00:00.000Z";"2024-10-01T23:59:59.999Z";"2024-10-01T11:04:00.000Z";"2024-10-01T20:43:00.000Z";"2781";152.6184651893;157.2581937165;142.8423246866;145.2898891044;3656164855.2;68050751749.64;"2024-10-01T23:59:59.999Z"
"2024-09-30T00:00:00.000Z";"2024-09-30T23:59:59.999Z";"2024-09-30T01:35:00.000Z";"2024-09-30T23:44:00.000Z";"2781";158.6324194551;159.508920537;152.0198315369;152.6184651893;2376780676.31;71458468214.48;"2024-09-30T23:59:59.999Z"
"2024-09-29T00:00:00.000Z";"2024-09-29T23:59:59.999Z";"2024-09-29T21:25:00.000Z";"2024-09-29T08:30:00.000Z";"2781";156.912426828;161.6230691402;155.2430836023;158.6291630934;1773980027.86;74387860148.05;"2024-09-29T23:59:59.999Z"
"2024-09-28T00:00:00.000Z";"2024-09-28T23:59:59.999Z";"2024-09-28T02:38:00.000Z";"2024-09-28T09:10:00.000Z";"2781";157.751903491;159.3452145363;155.2993141249;156.912426828;1300870643.68;73582521743;"2024-09-28T23:59:59.999Z"
"2024-09-27T00:00:00.000Z";"2024-09-27T23:59:59.999Z";"2024-09-27T14:37:00.000Z";"2024-09-27T02:33:00.000Z";"2781";155.5761011165;160.9814071369;154.130275729;157.7499343474;2765830721.44;73957442422.92;"2024-09-27T23:59:59.999Z"
"2024-09-26T00:00:00.000Z";"2024-09-26T23:59:59.999Z";"2024-09-26T15:49:00.000Z";"2024-09-26T00:54:00.000Z";"2781";148.0211009889;157.858151155;146.870756798;155.5761011165;3009969111.1;72939004095.03;"2024-09-26T23:59:59.999Z"
"2024-09-25T00:00:00.000Z";"2024-09-25T23:59:59.999Z";"2024-09-25T01:41:00.000Z";"2024-09-25T23:38:00.000Z";"2781";152.8909680373;153.5476447942;147.4501391254;148.0234293934;2138602627.97;69381169451.3;"2024-09-25T23:59:59.999Z"
"2024-09-24T00:00:00.000Z";"2024-09-24T23:59:59.999Z";"2024-09-24T23:01:00.000Z";"2024-09-24T00:43:00.000Z";"2781";144.8149916463;153.5362871924;143.304137907;152.8921540356;2927238360.02;71664315406.19;"2024-09-24T23:59:59.999Z"
"2024-09-23T00:00:00.000Z";"2024-09-23T23:59:59.999Z";"2024-09-23T03:29:00.000Z";"2024-09-23T21:22:00.000Z";"2781";144.8036532231;148.9704343305;142.6438470483;144.8149916463;2344229720.06;67879454373.62;"2024-09-23T23:59:59.999Z"
"2024-09-22T00:00:00.000Z";"2024-09-22T23:59:59.999Z";"2024-09-22T00:11:00.000Z";"2024-09-22T22:09:00.000Z";"2781";149.5270317319;149.8658284236;141.384610812;144.8036532231;1597826978.93;67855579263.71;"2024-09-22T23:59:59.999Z"
"2024-09-21T00:00:00.000Z";"2024-09-21T23:59:59.999Z";"2024-09-21T23:55:00.000Z";"2024-09-21T04:40:00.000Z";"2781";146.5667988883;149.8364601162;144.7980283769;149.5270317319;1385610389.87;70069507313.5;"2024-09-21T23:59:59.999Z"
"2024-09-20T00:00:00.000Z";"2024-09-20T23:59:59.999Z";"2024-09-20T06:58:00.000Z";"2024-09-20T01:16:00.000Z";"2781";142.8365459141;151.760944681;141.316164551;146.5667988883;3241123620.88;68665047099.56;"2024-09-20T23:59:59.999Z"
"2024-09-19T00:00:00.000Z";"2024-09-19T23:59:59.999Z";"2024-09-19T19:28:00.000Z";"2024-09-19T00:00:00.000Z";"2781";133.9918470013;143.9043703936;133.9918470013;142.8362676789;2884543932.57;66916768474.73;"2024-09-19T23:59:59.999Z"
"2024-09-18T00:00:00.000Z";"2024-09-18T23:59:59.999Z";"2024-09-18T23:59:00.000Z";"2024-09-18T15:47:00.000Z";"2781";131.5370817295;133.9918470013;127.2507626116;133.9918470013;2260675346.56;62757458680.86;"2024-09-18T23:59:59.999Z"
"2024-09-17T00:00:00.000Z";"2024-09-17T23:59:59.999Z";"2024-09-17T15:29:00.000Z";"2024-09-17T01:16:00.000Z";"2781";131.4724360671;135.4871368078;130.4756958738;131.5370817295;1726861491.59;61608060607.74;"2024-09-17T23:59:59.999Z"
"2024-09-16T00:00:00.000Z";"2024-09-16T23:59:59.999Z";"2024-09-16T08:28:00.000Z";"2024-09-16T17:38:00.000Z";"2781";131.4993882044;132.296377407;129.1380817622;131.4725915384;1623218788.84;61558795172.44;"2024-09-16T23:59:59.999Z"
"2024-09-15T00:00:00.000Z";"2024-09-15T23:59:59.999Z";"2024-09-15T02:04:00.000Z";"2024-09-15T23:13:00.000Z";"2781";137.1797839533;137.9234897514;130.9698096788;131.4993882044;1358403273.29;61571695450.6;"2024-09-15T23:59:59.999Z"
"2024-09-14T00:00:00.000Z";"2024-09-14T23:59:59.999Z";"2024-09-14T03:28:00.000Z";"2024-09-14T18:11:00.000Z";"2781";139.1025341108;139.7345785637;135.9435587007;137.1797839533;952465287.85;64215329142.04;"2024-09-14T23:59:59.999Z"
"2024-09-13T00:00:00.000Z";"2024-09-13T23:59:59.999Z";"2024-09-13T22:22:00.000Z";"2024-09-13T12:29:00.000Z";"2781";136.1419106739;139.8325054636;131.8639567294;139.1005471928;1668690413.62;65115750626.56;"2024-09-13T23:59:59.999Z"
"2024-09-12T00:00:00.000Z";"2024-09-12T23:59:59.999Z";"2024-09-12T22:49:00.000Z";"2024-09-12T00:01:00.000Z";"2781";132.4970797795;136.6148065628;132.4433359016;136.1419106739;1597055803.19;63704832621.78;"2024-09-12T23:59:59.999Z"
"2024-09-11T00:00:00.000Z";"2024-09-11T23:59:59.999Z";"2024-09-11T00:50:00.000Z";"2024-09-11T14:49:00.000Z";"2781";135.634942055;135.8038864804;128.4340100848;132.4973887456;2122617674.33;61999701717.22;"2024-09-11T23:59:59.999Z"
"2024-09-10T00:00:00.000Z";"2024-09-10T23:59:59.999Z";"2024-09-10T18:40:00.000Z";"2024-09-10T04:40:00.000Z";"2781";135.0263599157;137.8063548094;132.631093766;135.6352182143;1642358499.59;63444412706.42;"2024-09-10T23:59:59.999Z"
"2024-09-09T00:00:00.000Z";"2024-09-09T23:59:59.999Z";"2024-09-09T21:17:00.000Z";"2024-09-09T15:01:00.000Z";"2781";129.9895158229;136.1865416265;127.2197929898;135.0256230386;2443769043.84;63143700244.45;"2024-09-09T23:59:59.999Z"
"2024-09-08T00:00:00.000Z";"2024-09-08T23:59:59.999Z";"2024-09-08T22:31:00.000Z";"2024-09-08T16:04:00.000Z";"2781";127.7215689185;131.515241282;126.8130293078;129.9895158229;1317794291;60788641467.58;"2024-09-08T23:59:59.999Z"
"2024-09-07T00:00:00.000Z";"2024-09-07T23:59:59.999Z";"2024-09-07T15:40:00.000Z";"2024-09-07T01:55:00.000Z";"2781";124.9900750667;129.2908933218;124.2690794621;127.7215689185;1321261948.97;59713096251.42;"2024-09-07T23:59:59.999Z"
"2024-09-06T00:00:00.000Z";"2024-09-06T23:59:59.999Z";"2024-09-06T13:25:00.000Z";"2024-09-06T21:01:00.000Z";"2781";129.3289512144;134.1680788609;121.0553799707;124.9900750667;3520537698.76;58366039241.12;"2024-09-06T23:59:59.999Z"
"2024-09-05T00:00:00.000Z";"2024-09-05T23:59:59.999Z";"2024-09-05T14:04:00.000Z";"2024-09-05T19:56:00.000Z";"2781";133.604365295;135.0852012386;128.1413760884;129.3289512144;1926178088.37;60376926824.46;"2024-09-05T23:59:59.999Z"
"2024-09-04T00:00:00.000Z";"2024-09-04T23:59:59.999Z";"2024-09-04T16:35:00.000Z";"2024-09-04T01:13:00.000Z";"2781";127.577585154;134.8691730187;123.6129541736;133.6039184068;2663812153.23;62368835150.66;"2024-09-04T23:59:59.999Z"
"2024-09-03T00:00:00.000Z";"2024-09-03T23:59:59.999Z";"2024-09-03T02:21:00.000Z";"2024-09-03T23:59:00.000Z";"2781";135.0023603035;137.144756638;127.5742321488;127.577585154;1787700523.13;59540486915.56;"2024-09-03T23:59:59.999Z"
"2024-09-02T00:00:00.000Z";"2024-09-02T23:59:59.999Z";"2024-09-02T23:35:00.000Z";"2024-09-02T07:49:00.000Z";"2781";128.6905544483;135.3523833124;127.2661967915;135.0023603035;2092221240.58;63005878355.92;"2024-09-02T23:59:59.999Z"
"2024-09-01T00:00:00.000Z";"2024-09-01T23:59:59.999Z";"2024-09-01T20:25:00.000Z";"2024-09-01T23:16:00.000Z";"2781";135.374258799;135.997818379;128.2432515125;128.6905544483;1974170864.7;60044986646.12;"2024-09-01T23:59:59.999Z"
"2024-08-31T00:00:00.000Z";"2024-08-31T23:59:59.999Z";"2024-08-31T00:36:00.000Z";"2024-08-31T20:11:00.000Z";"2781";138.0999965872;138.9922501965;134.6364358105;135.374258799;892155699.16;63146076856.64;"2024-08-31T23:59:59.999Z"
"2024-08-30T00:00:00.000Z";"2024-08-30T23:59:59.999Z";"2024-08-30T00:39:00.000Z";"2024-08-30T16:25:00.000Z";"2781";140.0540257671;141.0131770231;132.4513346513;138.0999965872;2683385690.26;64391712810.93;"2024-08-30T23:59:59.999Z"
"2024-08-29T00:00:00.000Z";"2024-08-29T23:59:59.999Z";"2024-08-29T15:41:00.000Z";"2024-08-29T22:10:00.000Z";"2781";143.8910726285;147.2205850981;138.2660681438;140.0540257671;2098251665.32;65302849764.46;"2024-08-29T23:59:59.999Z"
"2024-08-28T00:00:00.000Z";"2024-08-28T23:59:59.999Z";"2024-08-28T05:25:00.000Z";"2024-08-28T16:24:00.000Z";"2781";146.8970956133;148.6949834186;140.9708131127;143.8913865994;2932401182.22;67092765795.98;"2024-08-28T23:59:59.999Z"
"2024-08-27T00:00:00.000Z";"2024-08-27T23:59:59.999Z";"2024-08-27T05:46:00.000Z";"2024-08-27T22:36:00.000Z";"2781";157.2365797878;159.6235543666;145.6564072174;146.8970956133;2783392784.35;68476945290.7;"2024-08-27T23:59:59.999Z"
"2024-08-26T00:00:00.000Z";"2024-08-26T23:59:59.999Z";"2024-08-26T10:49:00.000Z";"2024-08-26T17:49:00.000Z";"2781";158.9115059066;161.911108083;155.8844859498;157.2368787884;2588808154.89;73297590220.39;"2024-08-26T23:59:59.999Z"
"2024-08-25T00:00:00.000Z";"2024-08-25T23:59:59.999Z";"2024-08-25T22:17:00.000Z";"2024-08-25T07:41:00.000Z";"2781";160.7317437727;161.9479684533;155.5071457451;158.9091253482;2085078554.03;74059730780.65;"2024-08-25T23:59:59.999Z"
"2024-08-24T00:00:00.000Z";"2024-08-24T23:59:59.999Z";"2024-08-24T17:41:00.000Z";"2024-08-24T01:46:00.000Z";"2781";153.1083432378;162.1693262715;152.1520837464;160.7317437727;2749419603.57;74908504760.08;"2024-08-24T23:59:59.999Z"
"2024-08-23T00:00:00.000Z";"2024-08-23T23:59:59.999Z";"2024-08-23T22:11:00.000Z";"2024-08-23T14:53:00.000Z";"2781";143.2579298179;153.7712463697;143.1647800813;153.1070846121;2560976300.32;71336941084.43;"2024-08-23T23:59:59.999Z"
"2024-08-22T00:00:00.000Z";"2024-08-22T23:59:59.999Z";"2024-08-22T12:05:00.000Z";"2024-08-22T02:55:00.000Z";"2781";142.7096112036;144.8132170915;140.9344033331;143.2579298179;1368400828.63;66746734420.74;"2024-08-22T23:59:59.999Z"
"2024-08-21T00:00:00.000Z";"2024-08-21T23:59:59.999Z";"2024-08-21T20:07:00.000Z";"2024-08-21T13:44:00.000Z";"2781";142.3330320786;144.1562953429;139.2665479471;142.7096112036;1923259438.96;66564907034.83;"2024-08-21T23:59:59.999Z"
"2024-08-20T00:00:00.000Z";"2024-08-20T23:59:59.999Z";"2024-08-20T05:25:00.000Z";"2024-08-20T15:08:00.000Z";"2781";144.3468503182;148.6486064121;141.3607056344;143.1677366814;2124392770.31;66777920513.07;"2024-08-20T23:59:59.999Z"
"2024-08-19T00:00:00.000Z";"2024-08-19T23:59:59.999Z";"2024-08-19T17:37:00.000Z";"2024-08-19T10:10:00.000Z";"2781";142.5868822403;145.9236300699;140.7487134263;144.3436922496;2077549615.49;67295621713.75;"2024-08-19T23:59:59.999Z"
"2024-08-18T00:00:00.000Z";"2024-08-18T23:59:59.999Z";"2024-08-18T20:47:00.000Z";"2024-08-18T04:33:00.000Z";"2781";141.7985026448;146.9629748842;140.9596315478;142.5868822403;1866239535.87;66475110938.91;"2024-08-18T23:59:59.999Z"
"2024-08-17T00:00:00.000Z";"2024-08-17T23:59:59.999Z";"2024-08-17T23:17:00.000Z";"2024-08-17T00:37:00.000Z";"2781";139.330563987;141.962822286;137.866302074;141.7985026448;1199702072.67;66107562253.85;"2024-08-17T23:59:59.999Z"
"2024-08-16T00:00:00.000Z";"2024-08-16T23:59:59.999Z";"2024-08-16T06:53:00.000Z";"2024-08-16T17:26:00.000Z";"2781";142.7428739465;144.7954487972;136.3846458369;139.330563987;2707615564.14;64947397201.9;"2024-08-16T23:59:59.999Z"
"2024-08-15T00:00:00.000Z";"2024-08-15T23:59:59.999Z";"2024-08-15T16:24:00.000Z";"2024-08-15T19:10:00.000Z";"2781";143.9226631572;147.3515445493;138.1619295253;142.7458120347;3032770370.65;66637385588.22;"2024-08-15T23:59:59.999Z"
"2024-08-14T00:00:00.000Z";"2024-08-14T23:59:59.999Z";"2024-08-14T12:47:00.000Z";"2024-08-14T22:10:00.000Z";"2781";146.7126977306;151.7260475999;142.7179197695;143.923465195;2714536693.31;67188341952.9;"2024-08-14T23:59:59.999Z"
"2024-08-13T00:00:00.000Z";"2024-08-13T23:59:59.999Z";"2024-08-13T17:04:00.000Z";"2024-08-13T03:52:00.000Z";"2781";146.4545604538;149.6101155556;143.1520264667;146.7126977306;2224488387.84;68491903920.2;"2024-08-13T23:59:59.999Z"
"2024-08-12T00:00:00.000Z";"2024-08-12T23:59:59.999Z";"2024-08-12T11:58:00.000Z";"2024-08-12T00:01:00.000Z";"2781";141.5320759126;150.8146378425;141.4408028314;146.4542413048;3380174341.41;68354642037.72;"2024-08-12T23:59:59.999Z"
"2024-08-11T00:00:00.000Z";"2024-08-11T23:59:59.999Z";"2024-08-11T09:25:00.000Z";"2024-08-11T23:47:00.000Z";"2781";153.9616681994;157.9319006643;141.3482976742;141.5268529939;2411765936.59;66058032038.88;"2024-08-11T23:59:59.999Z"
"2024-08-10T00:00:00.000Z";"2024-08-10T23:59:59.999Z";"2024-08-10T00:25:00.000Z";"2024-08-10T04:52:00.000Z";"2781";156.457221355;158.586062281;152.8730501239;153.9591659966;1662980959.61;71814551428.47;"2024-08-10T23:59:59.999Z"
"2024-08-09T00:00:00.000Z";"2024-08-09T23:59:59.999Z";"2024-08-09T00:01:00.000Z";"2024-08-09T16:05:00.000Z";"2781";162.9307453227;163.2494877865;151.2261313746;156.457221355;3217916997.21;72979939448.85;"2024-08-09T23:59:59.999Z"
"2024-08-08T00:00:00.000Z";"2024-08-08T23:59:59.999Z";"2024-08-08T23:58:00.000Z";"2024-08-08T00:41:00.000Z";"2781";144.6324702433;163.0259164534;142.0199339822;162.9307453227;5385642745.24;75981210094.76;"2024-08-08T23:59:59.999Z"
"2024-08-07T00:00:00.000Z";"2024-08-07T23:59:59.999Z";"2024-08-07T05:40:00.000Z";"2024-08-07T19:36:00.000Z";"2781";144.0882143344;155.0077996319;142.7468997643;144.6320997507;5529725414.13;67449223081.65;"2024-08-07T23:59:59.999Z"
"2024-08-06T00:00:00.000Z";"2024-08-06T23:59:59.999Z";"2024-08-06T22:19:00.000Z";"2024-08-06T00:01:00.000Z";"2781";129.8629460287;149.3529694567;129.7885687267;144.0903684697;5813459735.26;67100013678.46;"2024-08-06T23:59:59.999Z"
"2024-08-05T00:00:00.000Z";"2024-08-05T23:59:59.999Z";"2024-08-05T00:07:00.000Z";"2024-08-05T13:30:00.000Z";"2781";138.0526883909;139.1414643192;110.6095578216;129.8642995638;14114308949.46;60462519125.47;"2024-08-05T23:59:59.999Z"
"2024-08-04T00:00:00.000Z";"2024-08-04T23:59:59.999Z";"2024-08-04T02:36:00.000Z";"2024-08-04T17:46:00.000Z";"2781";142.9219456747;145.8376609995;132.1396716631;138.0550835419;4333596295.62;64260062822.75;"2024-08-04T23:59:59.999Z"
"2024-08-03T00:00:00.000Z";"2024-08-03T23:59:59.999Z";"2024-08-03T00:25:00.000Z";"2024-08-03T18:34:00.000Z";"2781";152.6382267338;153.7768489963;140.2214034091;142.9220023175;3620526646.28;66513581977.59;"2024-08-03T23:59:59.999Z"
"2024-08-02T00:00:00.000Z";"2024-08-02T23:59:59.999Z";"2024-08-02T00:22:00.000Z";"2024-08-02T19:52:00.000Z";"2781";167.6605343842;169.0439627228;150.0849904824;152.6382267338;4507521136.82;71016189250.86;"2024-08-02T23:59:59.999Z"
"2024-08-01T00:00:00.000Z";"2024-08-01T23:59:59.999Z";"2024-08-01T00:08:00.000Z";"2024-08-01T18:46:00.000Z";"2781";171.825661673;172.6898081539;157.988394442;167.672121261;4402828194.29;78006252308.34;"2024-08-01T23:59:59.999Z"
"2024-07-31T00:00:00.000Z";"2024-07-31T23:59:59.999Z";"2024-07-31T09:47:00.000Z";"2024-07-31T23:59:00.000Z";"2781";179.1080545685;184.1794444239;171.8191999948;171.8261566522;3055204208.07;79919194001.38;"2024-07-31T23:59:59.999Z"
"2024-07-30T00:00:00.000Z";"2024-07-30T23:59:59.999Z";"2024-07-30T05:04:00.000Z";"2024-07-30T20:11:00.000Z";"2781";182.7715933719;184.1801369436;176.02242258;179.1071945065;2766172800.22;83252664965.63;"2024-07-30T23:59:59.999Z"
"2024-07-29T00:00:00.000Z";"2024-07-29T23:59:59.999Z";"2024-07-29T05:43:00.000Z";"2024-07-29T23:19:00.000Z";"2781";184.887184947;193.732282549;181.8853636584;182.7806005522;3654304390.91;84956928709.44;"2024-07-29T23:59:59.999Z"
"2024-07-28T00:00:00.000Z";"2024-07-28T23:59:59.999Z";"2024-07-28T13:59:00.000Z";"2024-07-28T05:11:00.000Z";"2781";184.0859927878;186.514618909;181.3953421166;184.8860789446;1852374783;85918799309.86;"2024-07-28T23:59:59.999Z"
"2024-07-27T00:00:00.000Z";"2024-07-27T23:59:59.999Z";"2024-07-27T13:52:00.000Z";"2024-07-27T20:27:00.000Z";"2781";183.1380930411;188.1405942538;178.5983561139;184.0854045531;3248901126;85548816871.93;"2024-07-27T23:59:59.999Z"
"2024-07-26T00:00:00.000Z";"2024-07-26T23:59:59.999Z";"2024-07-26T23:20:00.000Z";"2024-07-26T00:01:00.000Z";"2781";171.962567857;183.5383559016;171.8778947509;183.1367135205;2816314095.24;85087553868.59;"2024-07-26T23:59:59.999Z"
"2024-07-25T00:00:00.000Z";"2024-07-25T23:59:59.999Z";"2024-07-25T00:52:00.000Z";"2024-07-25T20:14:00.000Z";"2781";178.0295209579;179.5209327373;165.9325372669;171.9630805285;4067186719.22;79896509537.33;"2024-07-25T23:59:59.999Z"
"2024-07-24T00:00:00.000Z";"2024-07-24T23:59:59.999Z";"2024-07-24T17:48:00.000Z";"2024-07-24T01:01:00.000Z";"2781";172.7585149877;182.3576122515;171.2104148239;178.032298444;3112174836.25;82694844904.37;"2024-07-24T23:59:59.999Z"
"2024-07-23T00:00:00.000Z";"2024-07-23T23:59:59.999Z";"2024-07-23T00:19:00.000Z";"2024-07-23T17:13:00.000Z";"2781";178.9782855361;180.4961536772;170.9885337694;172.7575696471;3230351478.06;80246884732.55;"2024-07-23T23:59:59.999Z"
"2024-07-22T00:00:00.000Z";"2024-07-22T23:59:59.999Z";"2024-07-22T00:10:00.000Z";"2024-07-22T08:55:00.000Z";"2781";184.5455685191;184.7924648271;177.0441348043;178.9782855361;2808509242.35;83136223897.47;"2024-07-22T23:59:59.999Z"
"2024-07-21T00:00:00.000Z";"2024-07-21T23:59:59.999Z";"2024-07-21T23:07:00.000Z";"2024-07-21T18:13:00.000Z";"2781";173.8937398554;184.8703083292;171.1182103087;184.5416091616;3080452915.44;85691896425.9;"2024-07-21T23:59:59.999Z"
"2024-07-20T00:00:00.000Z";"2024-07-20T23:59:59.999Z";"2024-07-20T22:12:00.000Z";"2024-07-20T13:19:00.000Z";"2781";169.1826130471;174.8312983823;167.5573145767;173.8917905003;1908476088.42;80747106789.8;"2024-07-20T23:59:59.999Z"
"2024-07-19T00:00:00.000Z";"2024-07-19T23:59:59.999Z";"2024-07-19T16:04:00.000Z";"2024-07-19T01:22:00.000Z";"2781";159.0923377611;171.5067484278;156.6065406574;169.1858732371;3617009839.4;78545985950;"2024-07-19T23:59:59.999Z"
"2024-07-18T00:00:00.000Z";"2024-07-18T23:59:59.999Z";"2024-07-18T13:28:00.000Z";"2024-07-18T18:19:00.000Z";"2781";155.5910485765;161.5871629467;155.5660443586;159.0724217568;2044591406.32;73852862860.87;"2024-07-18T23:59:59.999Z"
"2024-07-17T00:00:00.000Z";"2024-07-17T23:59:59.999Z";"2024-07-17T01:19:00.000Z";"2024-07-17T16:48:00.000Z";"2781";160.5632957857;163.5952235677;155.0670286174;155.5840999036;2255652667.36;72215582287.5;"2024-07-17T23:59:59.999Z"
"2024-07-16T00:00:00.000Z";"2024-07-16T23:59:59.999Z";"2024-07-16T19:31:00.000Z";"2024-07-16T08:35:00.000Z";"2781";159.7733302443;162.4695157046;153.0537313322;160.5518767303;3034234774.49;74524644375.66;"2024-07-16T23:59:59.999Z"
"2024-07-15T00:00:00.000Z";"2024-07-15T23:59:59.999Z";"2024-07-15T23:58:00.000Z";"2024-07-15T00:18:00.000Z";"2781";147.6661339905;159.9420596092;147.2028871737;159.9339702596;2580623500.02;74220216539.07;"2024-07-15T23:59:59.999Z"
"2024-07-14T00:00:00.000Z";"2024-07-14T23:59:59.999Z";"2024-07-14T23:43:00.000Z";"2024-07-14T00:00:00.000Z";"2781";141.9266565927;148.5470562345;141.9266565927;147.6223179184;2009294487.59;68505448232.07;"2024-07-14T23:59:59.999Z"
"2024-07-13T00:00:00.000Z";"2024-07-13T23:59:59.999Z";"2024-07-13T23:22:00.000Z";"2024-07-13T05:02:00.000Z";"2781";139.5264047458;143.3674393857;138.1795306404;141.9249728128;1131518483.6;65862711164.67;"2024-07-13T23:59:59.999Z"
"2024-07-12T00:00:00.000Z";"2024-07-12T23:59:59.999Z";"2024-07-12T18:51:00.000Z";"2024-07-12T10:24:00.000Z";"2781";135.8640259827;140.4247779842;134.1591556089;139.5280131014;1990173458;64734373047.03;"2024-07-12T23:59:59.999Z"
"2024-07-11T00:00:00.000Z";"2024-07-11T23:59:59.999Z";"2024-07-11T12:40:00.000Z";"2024-07-11T23:43:00.000Z";"2781";141.9828077147;145.3244281141;135.8475213463;135.8832262687;2286890971.86;63044268449.09;"2024-07-11T23:59:59.999Z"
"2024-07-10T00:00:00.000Z";"2024-07-10T23:59:59.999Z";"2024-07-10T05:10:00.000Z";"2024-07-10T01:05:00.000Z";"2781";141.374149276;145.8537104311;138.8560482655;141.974797594;1952272009.91;65829357256.55;"2024-07-10T23:59:59.999Z"
"2024-07-09T00:00:00.000Z";"2024-07-09T23:59:59.999Z";"2024-07-09T08:46:00.000Z";"2024-07-09T02:04:00.000Z";"2781";139.5373527572;143.9293847985;136.7409378527;141.3484538686;2418798702;65537468013.38;"2024-07-09T23:59:59.999Z"
"2024-07-08T00:00:00.000Z";"2024-07-08T23:59:59.999Z";"2024-07-08T11:52:00.000Z";"2024-07-08T01:06:00.000Z";"2781";131.7970311236;141.6341165884;128.5629264309;139.4637043215;3692404575.4;64646919566.86;"2024-07-08T23:59:59.999Z"
"2024-07-07T00:00:00.000Z";"2024-07-07T23:59:59.999Z";"2024-07-07T00:00:00.000Z";"2024-07-07T23:59:00.000Z";"2781";143.1870599266;143.1870599266;131.7740977167;131.7740977167;1842515124.08;61083183722.35;"2024-07-07T23:59:59.999Z"
"2024-07-06T00:00:00.000Z";"2024-07-06T23:59:59.999Z";"2024-07-06T21:07:00.000Z";"2024-07-06T02:22:00.000Z";"2781";134.3632967815;144.0084732038;132.6132935691;143.2411728827;2078535871.24;66320299709.13;"2024-07-06T23:59:59.999Z"
"2024-07-05T00:00:00.000Z";"2024-07-05T23:59:59.999Z";"2024-07-05T18:58:00.000Z";"2024-07-05T04:20:00.000Z";"2781";127.6050736433;135.8457952758;122.4423092729;134.36934265;4644036182.1;62197196003.43;"2024-07-05T23:59:59.999Z"
"2024-07-04T00:00:00.000Z";"2024-07-04T23:59:59.999Z";"2024-07-04T00:43:00.000Z";"2024-07-04T23:59:00.000Z";"2781";140.7153248502;142.514857984;127.5508228695;127.5508228695;3243822145.02;59041357959.26;"2024-07-04T23:59:59.999Z"
"2024-07-03T00:00:00.000Z";"2024-07-03T23:59:59.999Z";"2024-07-03T00:25:00.000Z";"2024-07-03T21:22:00.000Z";"2781";153.71113289;154.1979942757;139.5172640934;140.7314159023;2813419414.99;65126155301.37;"2024-07-03T23:59:59.999Z"
"2024-07-02T00:00:00.000Z";"2024-07-02T23:59:59.999Z";"2024-07-02T23:22:00.000Z";"2024-07-02T00:20:00.000Z";"2781";146.5885465113;154.7129737996;146.120545793;153.7004815904;2024773532.57;71128871115.97;"2024-07-02T23:59:59.999Z"
"2024-07-01T00:00:00.000Z";"2024-07-01T23:59:59.999Z";"2024-07-01T16:04:00.000Z";"2024-07-01T11:55:00.000Z";"2781";146.4812747584;148.7985062013;145.8228012212;146.5950647859;1814659116.18;67824193216.32;"2024-07-01T23:59:59.999Z"
"2024-06-30T00:00:00.000Z";"2024-06-30T23:59:59.999Z";"2024-06-30T22:40:00.000Z";"2024-06-30T05:16:00.000Z";"2781";140.0127239625;147.199323059;137.141370949;146.4924977253;1567841881.26;67754180754.1;"2024-06-30T23:59:59.999Z"
"2024-06-29T00:00:00.000Z";"2024-06-29T23:59:59.999Z";"2024-06-29T10:37:00.000Z";"2024-06-29T22:50:00.000Z";"2781";139.7193179302;142.8238572364;139.6678050752;140.0101495169;1139066175.44;64751313558.76;"2024-06-29T23:59:59.999Z"
"2024-06-28T00:00:00.000Z";"2024-06-28T23:59:59.999Z";"2024-06-28T01:40:00.000Z";"2024-06-28T21:13:00.000Z";"2781";149.4542650682;150.0515859353;139.3058926068;139.7034025374;2396070691.73;64591177828.11;"2024-06-28T23:59:59.999Z"
"2024-06-27T00:00:00.000Z";"2024-06-27T23:59:59.999Z";"2024-06-27T14:28:00.000Z";"2024-06-27T06:49:00.000Z";"2781";136.6134234881;150.7672121567;135.2449996386;149.4483747681;2831651846.42;69097889910.92;"2024-06-27T23:59:59.999Z"
"2024-06-26T00:00:00.000Z";"2024-06-26T23:59:59.999Z";"2024-06-26T02:19:00.000Z";"2024-06-26T17:22:00.000Z";"2781";136.5549703785;140.168755188;134.9257618472;136.6091530527;1670038553.72;63146576878.44;"2024-06-26T23:59:59.999Z"
"2024-06-25T00:00:00.000Z";"2024-06-25T23:59:59.999Z";"2024-06-25T15:36:00.000Z";"2024-06-25T01:37:00.000Z";"2781";132.2693477713;139.7295834353;131.2963588669;136.5591975573;2517391149.87;63124626804.31;"2024-06-25T23:59:59.999Z"
"2024-06-24T00:00:00.000Z";"2024-06-24T23:59:59.999Z";"2024-06-24T23:53:00.000Z";"2024-06-24T05:46:00.000Z";"2781";128.5980031878;132.3112280664;123.6693360232;132.2413922983;3420423300.8;61113437383.95;"2024-06-24T23:59:59.999Z"
"2024-06-23T00:00:00.000Z";"2024-06-23T23:59:59.999Z";"2024-06-23T00:38:00.000Z";"2024-06-23T23:43:00.000Z";"2781";133.6600098263;135.0058628289;128.2696997003;128.5904268043;1063910411.48;59426910196.83;"2024-06-23T23:59:59.999Z"
"2024-06-22T00:00:00.000Z";"2024-06-22T23:59:59.999Z";"2024-06-22T06:20:00.000Z";"2024-06-22T00:54:00.000Z";"2781";134.5676516917;136.4600495647;133.1424875274;133.6702445713;948392979.45;61755643846.7;"2024-06-22T23:59:59.999Z"
"2024-06-21T00:00:00.000Z";"2024-06-21T23:59:59.999Z";"2024-06-21T23:05:00.000Z";"2024-06-21T18:10:00.000Z";"2781";133.4719482456;135.2291612374;128.921928139;134.5882978678;2214701928.27;62180434898.68;"2024-06-21T23:59:59.999Z"
"2024-06-20T00:00:00.000Z";"2024-06-20T23:59:59.999Z";"2024-06-20T11:22:00.000Z";"2024-06-20T16:10:00.000Z";"2781";135.6095991661;141.0752441897;132.0876404304;133.4729589257;2343938225.83;61666371309.37;"2024-06-20T23:59:59.999Z"
"2024-06-19T00:00:00.000Z";"2024-06-19T23:59:59.999Z";"2024-06-19T07:08:00.000Z";"2024-06-19T23:40:00.000Z";"2781";137.4798130549;141.6699353477;134.7326338813;135.6095991661;2241396569.16;62638032857.66;"2024-06-19T23:59:59.999Z"
"2024-06-18T00:00:00.000Z";"2024-06-18T23:59:59.999Z";"2024-06-18T00:04:00.000Z";"2024-06-18T01:46:00.000Z";"2781";143.3146918681;143.6106570791;130.2890764809;137.5040020493;4046511952.22;63514126393.22;"2024-06-18T23:59:59.999Z"
"2024-06-17T00:00:00.000Z";"2024-06-17T23:59:59.999Z";"2024-06-17T00:38:00.000Z";"2024-06-17T16:22:00.000Z";"2781";151.1372449287;151.584771967;140.1388057562;143.3342740078;2244770231.85;66191148891.43;"2024-06-17T23:59:59.999Z"
"2024-06-16T00:00:00.000Z";"2024-06-16T23:59:59.999Z";"2024-06-16T23:59:00.000Z";"2024-06-16T05:01:00.000Z";"2781";145.4179694094;151.1255055499;143.1795295741;151.1255055499;1147997522.98;69790883511.71;"2024-06-16T23:59:59.999Z"
"2024-06-15T00:00:00.000Z";"2024-06-15T23:59:59.999Z";"2024-06-15T16:10:00.000Z";"2024-06-15T00:03:00.000Z";"2781";143.0740795525;145.5409664114;143.0236477981;145.4122127329;1065293341.3;67135628936.05;"2024-06-15T23:59:59.999Z"
"2024-06-14T00:00:00.000Z";"2024-06-14T23:59:59.999Z";"2024-06-14T12:27:00.000Z";"2024-06-14T18:25:00.000Z";"2781";147.2820499155;148.789333523;140.1153818083;143.0944439206;2330458882.92;66063660586.18;"2024-06-14T23:59:59.999Z"
"2024-06-13T00:00:00.000Z";"2024-06-13T23:59:59.999Z";"2024-06-13T00:00:00.000Z";"2024-06-13T21:29:00.000Z";"2781";155.1923563232;155.1923563232;146.1722417703;147.3144174591;2085097654.61;67991620183.62;"2024-06-13T23:59:59.999Z"
"2024-06-12T00:00:00.000Z";"2024-06-12T23:59:59.999Z";"2024-06-12T13:10:00.000Z";"2024-06-12T01:43:00.000Z";"2781";149.4223158207;161.5148302078;145.8214476202;155.1775713526;2853692260.38;71622233955.58;"2024-06-12T23:59:59.999Z"
"2024-06-11T00:00:00.000Z";"2024-06-11T23:59:59.999Z";"2024-06-11T00:25:00.000Z";"2024-06-11T17:24:00.000Z";"2781";158.9341246721;159.5231055133;145.8651848764;149.4289932692;2812642452.69;68878680459.16;"2024-06-11T23:59:59.999Z"
"2024-06-10T00:00:00.000Z";"2024-06-10T23:59:59.999Z";"2024-06-10T15:56:00.000Z";"2024-06-10T08:01:00.000Z";"2781";162.0788916464;162.8277550825;157.7702086234;158.9280300351;1815361482.27;73230549879.66;"2024-06-10T23:59:59.999Z"
"2024-06-09T00:00:00.000Z";"2024-06-09T23:59:59.999Z";"2024-06-09T19:12:00.000Z";"2024-06-09T03:28:00.000Z";"2781";157.9637109108;162.9189728838;156.7687625825;162.0835975651;1475878150.83;74686342403.05;"2024-06-09T23:59:59.999Z"
"2024-06-08T00:00:00.000Z";"2024-06-08T23:59:59.999Z";"2024-06-08T07:31:00.000Z";"2024-06-08T22:30:00.000Z";"2781";162.4967471481;163.6201812499;157.5429488931;157.9689084524;1722237785.03;72755220354.27;"2024-06-08T23:59:59.999Z"
"2024-06-07T00:00:00.000Z";"2024-06-07T23:59:59.999Z";"2024-06-07T12:07:00.000Z";"2024-06-07T18:16:00.000Z";"2781";170.0158352697;172.438159952;155.7987696402;162.5070418192;3298527574.53;74847158591.8;"2024-06-07T23:59:59.999Z"
"2024-06-06T00:00:00.000Z";"2024-06-06T23:59:59.999Z";"2024-06-06T02:34:00.000Z";"2024-06-06T20:04:00.000Z";"2781";173.4829153707;174.3047028682;167.8642113974;170.0162241931;1965442992.93;78192167337.2;"2024-06-06T23:59:59.999Z"
"2024-06-05T00:00:00.000Z";"2024-06-05T23:59:59.999Z";"2024-06-05T16:14:00.000Z";"2024-06-05T00:50:00.000Z";"2781";171.8019205191;175.4753133767;171.3829967956;173.4829153707;2405906612.48;79788482654.49;"2024-06-05T23:59:59.999Z"
"2024-06-04T00:00:00.000Z";"2024-06-04T23:59:59.999Z";"2024-06-04T23:59:00.000Z";"2024-06-04T09:55:00.000Z";"2781";164.9250591058;171.8168184425;164.5155349746;171.8019205191;2057558426.33;78995382868.04;"2024-06-04T23:59:59.999Z"
"2024-06-03T00:00:00.000Z";"2024-06-03T23:59:59.999Z";"2024-06-03T20:16:00.000Z";"2024-06-03T00:41:00.000Z";"2781";163.2501533406;167.0387594059;161.8537191555;164.9234645191;2182487608.38;75832425371.39;"2024-06-03T23:59:59.999Z"
"2024-06-02T00:00:00.000Z";"2024-06-02T23:59:59.999Z";"2024-06-02T01:35:00.000Z";"2024-06-02T18:06:00.000Z";"2781";166.0296149597;166.9154816834;161.6532450639;163.2499076498;1562269040.72;75044190328.88;"2024-06-02T23:59:59.999Z"
"2024-06-01T00:00:00.000Z";"2024-06-01T23:59:59.999Z";"2024-06-01T15:43:00.000Z";"2024-06-01T00:01:00.000Z";"2781";165.6377187438;167.7370841302;165.5856157508;166.0306756959;1058869940.72;76322878066.52;"2024-06-01T23:59:59.999Z"
"2024-05-31T00:00:00.000Z";"2024-05-31T23:59:59.999Z";"2024-05-31T12:40:00.000Z";"2024-05-31T16:22:00.000Z";"2781";166.9765379039;170.6315681406;163.9330872885;165.6377103351;2415920333.3;76097773563.92;"2024-05-31T23:59:59.999Z"
"2024-05-30T00:00:00.000Z";"2024-05-30T23:59:59.999Z";"2024-05-30T17:43:00.000Z";"2024-05-30T08:16:00.000Z";"2781";168.0726766674;172.4177926799;163.6839672952;166.9765379039;2932316784.2;76744933958.32;"2024-05-30T23:59:59.999Z"
"2024-05-29T00:00:00.000Z";"2024-05-29T23:59:59.999Z";"2024-05-29T06:31:00.000Z";"2024-05-29T12:41:00.000Z";"2781";168.6508408587;173.6419461017;167.3238511883;168.0726766674;2852496247.63;77250412381.11;"2024-05-29T23:59:59.999Z"
"2024-05-28T00:00:00.000Z";"2024-05-28T23:59:59.999Z";"2024-05-28T13:28:00.000Z";"2024-05-28T04:37:00.000Z";"2781";169.996144846;173.0171421229;164.9734055236;168.6508408587;3342283018.58;77496700584.34;"2024-05-28T23:59:59.999Z"
"2024-05-27T00:00:00.000Z";"2024-05-27T23:59:59.999Z";"2024-05-27T17:17:00.000Z";"2024-05-27T00:01:00.000Z";"2781";163.3509088571;171.9885451973;163.3354471268;169.996144846;2745440475.22;76416188372.82;"2024-05-27T23:59:59.999Z"
"2024-05-26T00:00:00.000Z";"2024-05-26T23:59:59.999Z";"2024-05-26T00:00:00.000Z";"2024-05-26T21:34:00.000Z";"2781";168.437639873;168.4392656491;161.2638725131;163.3509088571;2543881488.42;73410229629.36;"2024-05-26T23:59:59.999Z"
"2024-05-25T00:00:00.000Z";"2024-05-25T23:59:59.999Z";"2024-05-25T11:13:00.000Z";"2024-05-25T01:04:00.000Z";"2781";167.7969266074;170.3550523691;166.1130061388;168.437639873;1875205754.68;75697208304.93;"2024-05-25T23:59:59.999Z"
"2024-05-24T00:00:00.000Z";"2024-05-24T23:59:59.999Z";"2024-05-24T00:01:00.000Z";"2024-05-24T08:28:00.000Z";"2781";175.9857777768;176.0314820169;162.8658947267;167.7969266074;4013502064.5;75389730984.57;"2024-05-24T23:59:59.999Z"
"2024-05-23T00:00:00.000Z";"2024-05-23T23:59:59.999Z";"2024-05-23T21:46:00.000Z";"2024-05-23T20:10:00.000Z";"2781";176.8631119086;180.1652763859;167.4036902436;175.9857777768;5117258939.76;79070139294.69;"2024-05-23T23:59:59.999Z"
"2024-05-22T00:00:00.000Z";"2024-05-22T23:59:59.999Z";"2024-05-22T16:13:00.000Z";"2024-05-22T04:47:00.000Z";"2781";178.1156720323;183.0676693035;175.4474662451;176.8607811832;3833758536.46;79437309085.43;"2024-05-22T23:59:59.999Z"
"2024-05-21T00:00:00.000Z";"2024-05-21T23:59:59.999Z";"2024-05-21T00:28:00.000Z";"2024-05-21T19:44:00.000Z";"2781";186.5195209383;188.4938346861;174.7117064944;178.1161569106;4568414163.28;80000969543.29;"2024-05-21T23:59:59.999Z"
"2024-05-20T00:00:00.000Z";"2024-05-20T23:59:59.999Z";"2024-05-20T20:01:00.000Z";"2024-05-20T01:38:00.000Z";"2781";170.0913547301;187.4471207685;168.0304459605;186.5204897272;4636864705.4;83768041175.26;"2024-05-20T23:59:59.999Z"
"2024-05-19T00:00:00.000Z";"2024-05-19T23:59:59.999Z";"2024-05-19T05:17:00.000Z";"2024-05-19T15:17:00.000Z";"2781";172.5392064839;175.1893286328;166.7326134124;170.0913547301;2300080450.52;76356164592.96;"2024-05-19T23:59:59.999Z"
"2024-05-18T00:00:00.000Z";"2024-05-18T23:59:59.999Z";"2024-05-18T10:13:00.000Z";"2024-05-18T00:34:00.000Z";"2781";169.5305535338;175.7790920851;168.9330580638;172.5391322879;2479657643.33;77455466322.44;"2024-05-18T23:59:59.999Z"
"2024-05-17T00:00:00.000Z";"2024-05-17T23:59:59.999Z";"2024-05-17T16:23:00.000Z";"2024-05-17T00:00:00.000Z";"2781";159.1164512143;171.606082917;159.1164512143;169.5305535338;3371355808.76;76085268448.34;"2024-05-17T23:59:59.999Z"
"2024-05-16T00:00:00.000Z";"2024-05-16T23:59:59.999Z";"2024-05-16T10:01:00.000Z";"2024-05-16T17:31:00.000Z";"2781";158.1877656903;164.3193282166;156.7726233686;159.1164512143;3498272951.08;71406799641.64;"2024-05-16T23:59:59.999Z"
"2024-05-15T00:00:00.000Z";"2024-05-15T23:59:59.999Z";"2024-05-15T23:44:00.000Z";"2024-05-15T00:49:00.000Z";"2781";142.0303960428;158.6407224758;141.3503325527;158.1868227236;3585715673.75;70971387522.51;"2024-05-15T23:59:59.999Z"
"2024-05-14T00:00:00.000Z";"2024-05-14T23:59:59.999Z";"2024-05-14T05:26:00.000Z";"2024-05-14T16:10:00.000Z";"2781";147.2790884876;148.8286914625;141.9068552799;142.0303960428;2586166418.71;63721775589.31;"2024-05-14T23:59:59.999Z"
"2024-05-13T00:00:00.000Z";"2024-05-13T23:59:59.999Z";"2024-05-13T16:37:00.000Z";"2024-05-13T05:55:00.000Z";"2781";143.5208156491;150.5466565844;138.0328586808;147.2823271223;2556255769.13;66060925602.41;"2024-05-13T23:59:59.999Z"
"2024-05-12T00:00:00.000Z";"2024-05-12T23:59:59.999Z";"2024-05-12T06:01:00.000Z";"2024-05-12T21:28:00.000Z";"2781";145.3143723395;147.5714779373;142.8818431967;143.5208156491;936690341.19;64374674547.7;"2024-05-12T23:59:59.999Z"
"2024-05-11T00:00:00.000Z";"2024-05-11T23:59:59.999Z";"2024-05-11T01:22:00.000Z";"2024-05-11T11:19:00.000Z";"2781";146.2169665016;147.4264417011;143.3314042277;145.3143723395;1243751505.46;65162205130.09;"2024-05-11T23:59:59.999Z"
"2024-05-10T00:00:00.000Z";"2024-05-10T23:59:59.999Z";"2024-05-10T07:05:00.000Z";"2024-05-10T22:31:00.000Z";"2781";152.8528989188;155.4115978956;144.9388007459;146.216909616;2471594251.12;65542239882.23;"2024-05-10T23:59:59.999Z"
"2024-05-09T00:00:00.000Z";"2024-05-09T23:59:59.999Z";"2024-05-09T22:49:00.000Z";"2024-05-09T11:05:00.000Z";"2781";142.2947343774;153.0862410147;140.7896472951;152.8499497529;2249863779.86;68516742032.57;"2024-05-09T23:59:59.999Z"
"2024-05-08T00:00:00.000Z";"2024-05-08T23:59:59.999Z";"2024-05-08T02:52:00.000Z";"2024-05-08T21:19:00.000Z";"2781";148.1343208526;149.8108951502;140.1690913217;142.2947343774;2502237557.32;63761642429.19;"2024-05-08T23:59:59.999Z"
"2024-05-07T00:00:00.000Z";"2024-05-07T23:59:59.999Z";"2024-05-07T09:22:00.000Z";"2024-05-07T23:58:00.000Z";"2781";152.8066781515;159.0534564503;148.0836125491;148.1343208526;2687619013.49;66379410042.49;"2024-05-07T23:59:59.999Z"
"2024-05-06T00:00:00.000Z";"2024-05-06T23:59:59.999Z";"2024-05-06T10:13:00.000Z";"2024-05-06T03:17:00.000Z";"2781";145.7120475747;156.6266970502;145.5843173835;152.8023970724;2926902879.75;68370915818.79;"2024-05-06T23:59:59.999Z"
"2024-05-05T00:00:00.000Z";"2024-05-05T23:59:59.999Z";"2024-05-05T15:01:00.000Z";"2024-05-05T01:44:00.000Z";"2781";146.1350633278;147.9164658325;143.4784517568;145.713028127;2034794725.23;65197416097.08;"2024-05-05T23:59:59.999Z"
"2024-05-04T00:00:00.000Z";"2024-05-04T23:59:59.999Z";"2024-05-04T11:02:00.000Z";"2024-05-04T02:09:00.000Z";"2781";143.7721978618;148.9357481704;142.5662613343;146.1350633278;3050187811.35;65369829237.21;"2024-05-04T23:59:59.999Z"
"2024-05-03T00:00:00.000Z";"2024-05-03T23:59:59.999Z";"2024-05-03T20:52:00.000Z";"2024-05-03T11:10:00.000Z";"2781";137.8144854583;144.9600308491;136.1234345155;143.7725598507;3216962297.88;64313630229.63;"2024-05-03T23:59:59.999Z"
"2024-05-02T00:00:00.000Z";"2024-05-02T23:59:59.999Z";"2024-05-02T22:10:00.000Z";"2024-05-02T05:34:00.000Z";"2781";134.6279756101;140.2815260643;128.2602880721;137.8144854583;3380078367.7;61649393246.12;"2024-05-02T23:59:59.999Z"
"2024-05-01T00:00:00.000Z";"2024-05-01T23:59:59.999Z";"2024-05-01T18:54:00.000Z";"2024-05-01T08:25:00.000Z";"2781";126.9625436869;135.1138543354;119.3848081172;134.6279756101;4136407963.44;60206144227.88;"2024-05-01T23:59:59.999Z"
"2024-04-30T00:00:00.000Z";"2024-04-30T23:59:59.999Z";"2024-04-30T00:56:00.000Z";"2024-04-30T19:29:00.000Z";"2781";137.7773038977;139.6676507834;121.6374557368;126.9627084535;3407320371.49;56808238321.18;"2024-04-30T23:59:59.999Z"
"2024-04-29T00:00:00.000Z";"2024-04-29T23:59:59.999Z";"2024-04-29T00:21:00.000Z";"2024-04-29T17:01:00.000Z";"2781";137.8601881927;138.7387196632;133.7091660815;137.7766604074;2464951751.26;61623649856.61;"2024-04-29T23:59:59.999Z"
"2024-04-28T00:00:00.000Z";"2024-04-28T23:59:59.999Z";"2024-04-28T03:14:00.000Z";"2024-04-28T23:42:00.000Z";"2781";141.2891619466;144.5138780418;137.2330236992;137.8564122775;1959005342.27;61662678759.52;"2024-04-28T23:59:59.999Z"
"2024-04-27T00:00:00.000Z";"2024-04-27T23:59:59.999Z";"2024-04-27T20:04:00.000Z";"2024-04-27T01:19:00.000Z";"2781";139.1043466961;142.8745174172;134.028907711;141.2891619466;2373155947.45;63177157946.91;"2024-04-27T23:59:59.999Z"
"2024-04-26T00:00:00.000Z";"2024-04-26T23:59:59.999Z";"2024-04-26T14:19:00.000Z";"2024-04-26T22:58:00.000Z";"2781";144.889179299;145.8546090299;138.9083934031;139.1043466961;2564389026.71;62200672194.38;"2024-04-26T23:59:59.999Z"
"2024-04-25T00:00:00.000Z";"2024-04-25T23:59:59.999Z";"2024-04-25T00:47:00.000Z";"2024-04-25T13:22:00.000Z";"2781";147.7496128343;149.3037534908;142.2645693984;144.8921247704;3674969171.63;64788385180.06;"2024-04-25T23:59:59.999Z"
"2024-04-24T00:00:00.000Z";"2024-04-24T23:59:59.999Z";"2024-04-24T12:11:00.000Z";"2024-04-24T23:04:00.000Z";"2781";154.7013049554;159.5809054368;145.7705760343;147.7451445379;3932336720.07;66048269189.89;"2024-04-24T23:59:59.999Z"
"2024-04-23T00:00:00.000Z";"2024-04-23T23:59:59.999Z";"2024-04-23T17:47:00.000Z";"2024-04-23T07:38:00.000Z";"2781";157.0312257577;159.9445999575;153.3231176246;154.7013049554;2750685937.01;69159022995.56;"2024-04-23T23:59:59.999Z"
"2024-04-22T00:00:00.000Z";"2024-04-22T23:59:59.999Z";"2024-04-22T22:59:00.000Z";"2024-04-22T02:28:00.000Z";"2781";148.6093127546;158.3727065839;146.9916954396;157.0312257577;2959650502.38;70180765530.1;"2024-04-22T23:59:59.999Z"
"2024-04-21T00:00:00.000Z";"2024-04-21T23:59:59.999Z";"2024-04-21T03:13:00.000Z";"2024-04-21T16:42:00.000Z";"2781";151.1340836942;153.4222541075;147.1695198231;148.6093127546;2211663290.99;66417713293.19;"2024-04-21T23:59:59.999Z"
"2024-04-20T00:00:00.000Z";"2024-04-20T23:59:59.999Z";"2024-04-20T20:15:00.000Z";"2024-04-20T01:07:00.000Z";"2781";142.6784587894;152.099184143;140.0057102162;151.1335642137;2795892210.62;67528361463.63;"2024-04-20T23:59:59.999Z"
"2024-04-19T00:00:00.000Z";"2024-04-19T23:59:59.999Z";"2024-04-19T16:07:00.000Z";"2024-04-19T02:49:00.000Z";"2781";142.082397019;147.3337850501;128.8628308156;142.6804960383;5857667913.45;63751797974.9;"2024-04-19T23:59:59.999Z"
"2024-04-18T00:00:00.000Z";"2024-04-18T23:59:59.999Z";"2024-04-18T23:19:00.000Z";"2024-04-18T08:24:00.000Z";"2781";131.8671775095;143.7273608677;128.0767586523;142.082397019;4193561506.2;63485357601.24;"2024-04-18T23:59:59.999Z"
"2024-04-17T00:00:00.000Z";"2024-04-17T23:59:59.999Z";"2024-04-17T04:59:00.000Z";"2024-04-17T16:08:00.000Z";"2781";136.2791068591;142.6043900742;127.5289524047;131.8661773899;4888546522.48;58905554117.05;"2024-04-17T23:59:59.999Z"
"2024-04-16T00:00:00.000Z";"2024-04-16T23:59:59.999Z";"2024-04-16T01:36:00.000Z";"2024-04-16T16:23:00.000Z";"2781";138.5075688969;140.2783086126;126.8652810948;136.2793233476;5156084639.15;60879101842.83;"2024-04-16T23:59:59.999Z"
"2024-04-15T00:00:00.000Z";"2024-04-15T23:59:59.999Z";"2024-04-15T06:43:00.000Z";"2024-04-15T19:07:00.000Z";"2781";151.2994342421;155.9611649226;134.5725537286;138.5086276801;5699439233.75;61857236412.61;"2024-04-15T23:59:59.999Z"
"2024-04-14T00:00:00.000Z";"2024-04-14T23:59:59.999Z";"2024-04-14T23:22:00.000Z";"2024-04-14T03:16:00.000Z";"2781";139.3416872595;152.5010114495;131.2871726324;151.2849466411;7110974217.55;67565919330.09;"2024-04-14T23:59:59.999Z"
"2024-04-13T00:00:00.000Z";"2024-04-13T23:59:59.999Z";"2024-04-13T05:25:00.000Z";"2024-04-13T20:10:00.000Z";"2781";153.6344829001;154.9439562636;119.8333403765;139.3416872595;8976793984.58;62209618029.83;"2024-04-13T23:59:59.999Z"
"2024-04-12T00:00:00.000Z";"2024-04-12T23:59:59.999Z";"2024-04-12T06:04:00.000Z";"2024-04-12T18:37:00.000Z";"2781";172.576364761;175.8086349085;145.5163828498;153.6354718515;4727185450.57;68514901386.09;"2024-04-12T23:59:59.999Z"
"2024-04-11T00:00:00.000Z";"2024-04-11T23:59:59.999Z";"2024-04-11T18:43:00.000Z";"2024-04-11T11:59:00.000Z";"2781";173.4373601875;176.2355200022;170.3934260039;172.576364761;2712334365.08;76942708222.38;"2024-04-11T23:59:59.999Z"
"2024-04-10T00:00:00.000Z";"2024-04-10T23:59:59.999Z";"2024-04-10T22:38:00.000Z";"2024-04-10T12:41:00.000Z";"2781";172.4142648319;175.3226119742;163.8131318533;173.4373601875;3344074648.23;77297959814.53;"2024-04-10T23:59:59.999Z"
"2024-04-09T00:00:00.000Z";"2024-04-09T23:59:59.999Z";"2024-04-09T00:19:00.000Z";"2024-04-09T15:13:00.000Z";"2781";180.7795147602;180.8256817813;169.3677617896;172.4136164248;2688188865.68;76842591474.79;"2024-04-09T23:59:59.999Z"
"2024-04-08T00:00:00.000Z";"2024-04-08T23:59:59.999Z";"2024-04-08T09:38:00.000Z";"2024-04-08T03:13:00.000Z";"2781";179.6506914183;184.3028663064;175.5899774009;180.7847714952;2744377905.37;80549867853.55;"2024-04-08T23:59:59.999Z"
"2024-04-07T00:00:00.000Z";"2024-04-07T23:59:59.999Z";"2024-04-07T02:06:00.000Z";"2024-04-07T22:07:00.000Z";"2781";178.9153447838;182.538214522;177.0657895847;179.6498527519;1854793003.42;80048604596.75;"2024-04-07T23:59:59.999Z"
"2024-04-06T00:00:00.000Z";"2024-04-06T23:59:59.999Z";"2024-04-06T23:31:00.000Z";"2024-04-06T02:39:00.000Z";"2781";174.5015097894;179.697528544;173.8743059132;178.9153447838;4672922788.61;79602083518.2;"2024-04-06T23:59:59.999Z"
"2024-04-05T00:00:00.000Z";"2024-04-05T23:59:59.999Z";"2024-04-05T01:01:00.000Z";"2024-04-05T12:39:00.000Z";"2781";183.9581190076;184.9777881926;168.2360744088;174.5015097894;7398400404.29;77639578798.39;"2024-04-05T23:59:59.999Z"
"2024-04-04T00:00:00.000Z";"2024-04-04T23:59:59.999Z";"2024-04-04T18:05:00.000Z";"2024-04-04T04:26:00.000Z";"2781";185.2486039186;190.0696850848;180.5122944625;183.9581190076;4101220963.79;81848676449.44;"2024-04-04T23:59:59.999Z"
"2024-04-03T00:00:00.000Z";"2024-04-03T23:59:59.999Z";"2024-04-03T06:32:00.000Z";"2024-04-03T00:40:00.000Z";"2781";181.1727225989;191.6926728984;177.3955071733;185.2486039186;4160370221.42;82401380826.41;"2024-04-03T23:59:59.999Z"
"2024-04-02T00:00:00.000Z";"2024-04-02T23:59:59.999Z";"2024-04-02T00:00:00.000Z";"2024-04-02T13:43:00.000Z";"2781";192.5678236508;192.5694321078;176.1320815101;181.1722574827;4553269015.22;80589823339.92;"2024-04-02T23:59:59.999Z"
"2024-04-01T00:00:00.000Z";"2024-04-01T23:59:59.999Z";"2024-04-01T01:32:00.000Z";"2024-04-01T15:56:00.000Z";"2781";202.8744339989;204.1797657778;187.4888980119;192.5678236508;3872515434.01;85635905165.52;"2024-04-01T23:59:59.999Z"
"2024-03-31T00:00:00.000Z";"2024-03-31T23:59:59.999Z";"2024-03-31T23:58:00.000Z";"2024-03-31T03:20:00.000Z";"2781";194.375797898;203.0267870553;194.0353212305;202.874131194;2342185475.68;90192360865.17;"2024-03-31T23:59:59.999Z"
"2024-03-30T00:00:00.000Z";"2024-03-30T23:59:59.999Z";"2024-03-30T05:40:00.000Z";"2024-03-30T00:28:00.000Z";"2781";192.2278542586;199.7309416236;191.2167745878;194.3855423184;2999311845.75;86381585799.89;"2024-03-30T23:59:59.999Z"
"2024-03-29T00:00:00.000Z";"2024-03-29T23:59:59.999Z";"2024-03-29T23:25:00.000Z";"2024-03-29T10:07:00.000Z";"2781";189.6216335012;192.9698132311;183.6461580817;192.227955706;3031009580.49;85426393569.72;"2024-03-29T23:59:59.999Z"
"2024-03-28T00:00:00.000Z";"2024-03-28T23:59:59.999Z";"2024-03-28T23:22:00.000Z";"2024-03-28T03:45:00.000Z";"2781";186.361467314;190.8834698768;180.9976150687;189.6216335012;2910414255.51;84246500601.21;"2024-03-28T23:59:59.999Z"
"2024-03-27T00:00:00.000Z";"2024-03-27T23:59:59.999Z";"2024-03-27T01:15:00.000Z";"2024-03-27T16:16:00.000Z";"2781";190.6999853581;192.4965833717;180.4204444354;186.361467314;3844985014.18;82799408956.75;"2024-03-27T23:59:59.999Z"
"2024-03-26T00:00:00.000Z";"2024-03-26T23:59:59.999Z";"2024-03-26T07:31:00.000Z";"2024-03-26T17:17:00.000Z";"2781";189.083387541;196.2930411859;186.7528260582;190.6998650111;3520179570.59;84728545592.52;"2024-03-26T23:59:59.999Z"
"2024-03-25T00:00:00.000Z";"2024-03-25T23:59:59.999Z";"2024-03-25T17:16:00.000Z";"2024-03-25T01:01:00.000Z";"2781";183.5734516463;194.4302652045;181.2523511846;189.0835389952;4066489820.54;83987620158.75;"2024-03-25T23:59:59.999Z"
"2024-03-24T00:00:00.000Z";"2024-03-24T23:59:59.999Z";"2024-03-24T23:11:00.000Z";"2024-03-24T04:05:00.000Z";"2781";172.8978673329;186.6294245728;171.6737275536;183.5734516463;2661231892.98;81539943651.14;"2024-03-24T23:59:59.999Z"
"2024-03-23T00:00:00.000Z";"2024-03-23T23:59:59.999Z";"2024-03-23T14:38:00.000Z";"2024-03-23T03:38:00.000Z";"2781";174.3637086084;178.8001094295;171.0169698444;172.9022482533;2711581880.97;76777960668.96;"2024-03-23T23:59:59.999Z"
"2024-03-22T00:00:00.000Z";"2024-03-22T23:59:59.999Z";"2024-03-22T00:22:00.000Z";"2024-03-22T14:28:00.000Z";"2781";179.2398091874;181.3232397299;167.8778525683;174.3637086084;4150938142.38;77430916620.27;"2024-03-22T23:59:59.999Z"
"2024-03-21T00:00:00.000Z";"2024-03-21T23:59:59.999Z";"2024-03-21T00:52:00.000Z";"2024-03-21T20:06:00.000Z";"2781";191.5496193378;195.3061260617;176.2833179466;179.2207460832;5613811274.96;79575489104.09;"2024-03-21T23:59:59.999Z"
"2024-03-20T00:00:00.000Z";"2024-03-20T23:59:59.999Z";"2024-03-20T22:17:00.000Z";"2024-03-20T05:28:00.000Z";"2781";170.0162748715;192.9118194235;163.2962696776;191.5496193378;8673957460.22;85046806349.53;"2024-03-20T23:59:59.999Z"
"2024-03-19T00:00:00.000Z";"2024-03-19T23:59:59.999Z";"2024-03-19T00:22:00.000Z";"2024-03-19T22:31:00.000Z";"2781";195.9927520823;198.2410709;166.176735886;170.0162748715;11658593921.57;75466865630.06;"2024-03-19T23:59:59.999Z"
"2024-03-18T00:00:00.000Z";"2024-03-18T23:59:59.999Z";"2024-03-18T10:16:00.000Z";"2024-03-18T01:08:00.000Z";"2781";202.1226040964;209.6960618569;194.8494080814;195.9927520823;11137647409.7;86998068120.46;"2024-03-18T23:59:59.999Z"
"2024-03-17T00:00:00.000Z";"2024-03-17T23:59:59.999Z";"2024-03-17T22:46:00.000Z";"2024-03-17T07:40:00.000Z";"2781";181.8803407938;204.2925453175;179.2255970494;202.1235607856;10876218561.57;89697345896;"2024-03-17T23:59:59.999Z"
"2024-03-16T00:00:00.000Z";"2024-03-16T23:59:59.999Z";"2024-03-16T10:41:00.000Z";"2024-03-16T20:20:00.000Z";"2781";182.9675105582;197.6559970548;177.4612712147;181.8803407938;11794134069.35;80716457995.81;"2024-03-16T23:59:59.999Z"
"2024-03-15T00:00:00.000Z";"2024-03-15T23:59:59.999Z";"2024-03-15T19:17:00.000Z";"2024-03-15T09:11:00.000Z";"2781";176.6797551198;188.5013617708;165.4127201378;182.9646984744;14093348410.08;81165758924.9;"2024-03-15T23:59:59.999Z"
"2024-03-14T00:00:00.000Z";"2024-03-14T23:59:59.999Z";"2024-03-14T23:47:00.000Z";"2024-03-14T19:45:00.000Z";"2781";163.8399322101;177.8926276641;160.2335581511;176.6797551198;8399967971.85;78373508249.59;"2024-03-14T23:59:59.999Z"
"2024-03-13T00:00:00.000Z";"2024-03-13T23:59:59.999Z";"2024-03-13T21:58:00.000Z";"2024-03-13T04:25:00.000Z";"2781";151.0154447409;166.4487593107;148.9456190667;163.8398136601;5917471836.1;72668118573.65;"2024-03-13T23:59:59.999Z"
"2024-03-12T00:00:00.000Z";"2024-03-12T23:59:59.999Z";"2024-03-12T03:29:00.000Z";"2024-03-12T17:24:00.000Z";"2781";148.7496839667;154.9422949258;142.8701542239;151.0154447409;6413617982.8;66980515085.21;"2024-03-12T23:59:59.999Z"
"2024-03-11T00:00:00.000Z";"2024-03-11T23:59:59.999Z";"2024-03-11T12:33:00.000Z";"2024-03-11T01:47:00.000Z";"2781";144.5144865849;150.0179751634;137.6329868205;148.7509675632;5383624184.2;65976301021;"2024-03-11T23:59:59.999Z"
"2024-03-10T00:00:00.000Z";"2024-03-10T23:59:59.999Z";"2024-03-10T07:57:00.000Z";"2024-03-10T22:46:00.000Z";"2781";144.6073343293;148.6719276322;140.8399887147;144.5151840443;3407621981;64055231607.5;"2024-03-10T23:59:59.999Z"
"2024-03-09T00:00:00.000Z";"2024-03-09T23:59:59.999Z";"2024-03-09T07:10:00.000Z";"2024-03-09T17:23:00.000Z";"2781";145.2403203369;149.3512847988;144.2903691016;144.6072583841;2946261381.23;64096767397.98;"2024-03-09T23:59:59.999Z"
"2024-03-08T00:00:00.000Z";"2024-03-08T23:59:59.999Z";"2024-03-08T14:57:00.000Z";"2024-03-08T16:16:00.000Z";"2781";143.9772841739;152.4179239682;142.5361472664;145.240039143;5474659974.2;64360205716.59;"2024-03-08T23:59:59.999Z"
"2024-03-07T00:00:00.000Z";"2024-03-07T23:59:59.999Z";"2024-03-07T19:05:00.000Z";"2024-03-07T00:01:00.000Z";"2781";130.7420202634;149.2247287832;130.7017572272;143.9778597987;7111178325.47;63801239283.41;"2024-03-07T23:59:59.999Z"
"2024-03-06T00:00:00.000Z";"2024-03-06T23:59:59.999Z";"2024-03-06T08:26:00.000Z";"2024-03-06T03:01:00.000Z";"2781";125.6992138858;134.8106275504;120.3173346858;130.7420202634;5146680158.96;57850874885.99;"2024-03-06T23:59:59.999Z"
"2024-03-05T00:00:00.000Z";"2024-03-05T23:59:59.999Z";"2024-03-05T15:49:00.000Z";"2024-03-05T19:58:00.000Z";"2781";133.1593690284;142.6509352836;109.5387583745;125.7067098363;8980294607.31;55614018119.17;"2024-03-05T23:59:59.999Z"
"2024-03-04T00:00:00.000Z";"2024-03-04T23:59:59.999Z";"2024-03-04T09:56:00.000Z";"2024-03-04T18:01:00.000Z";"2781";130.4232339344;134.8741712278;127.7981398999;133.1945790626;4429758300.13;58914150625.05;"2024-03-04T23:59:59.999Z"
"2024-03-03T00:00:00.000Z";"2024-03-03T23:59:59.999Z";"2024-03-03T22:40:00.000Z";"2024-03-03T08:23:00.000Z";"2781";129.793386819;132.0627462785;125.7693275932;130.4508641103;2875614168.47;57782564591.67;"2024-03-03T23:59:59.999Z"
"2024-03-02T00:00:00.000Z";"2024-03-02T23:59:59.999Z";"2024-03-02T00:34:00.000Z";"2024-03-02T01:26:00.000Z";"2781";129.9823155952;131.4548696744;127.6808893218;129.7001744521;2741772676.36;57434332381.15;"2024-03-02T23:59:59.999Z"
"2024-03-01T00:00:00.000Z";"2024-03-01T23:59:59.999Z";"2024-03-01T05:01:00.000Z";"2024-03-01T00:00:00.000Z";"2781";125.6367040869;137.6018722479;125.6367040869;129.990397424;4743077737.54;57563108314.36;"2024-03-01T23:59:59.999Z"
"2024-02-29T00:00:00.000Z";"2024-02-29T23:59:59.999Z";"2024-02-29T14:34:00.000Z";"2024-02-29T00:30:00.000Z";"2781";118.2387447778;134.4657029944;117.6675177691;125.7115161308;6950123901.53;55633849061.16;"2024-02-29T23:59:59.999Z"
"2024-02-28T00:00:00.000Z";"2024-02-28T23:59:59.999Z";"2024-02-28T23:59:00.000Z";"2024-02-28T03:20:00.000Z";"2781";108.3992352381;118.0521972068;107.4608740766;118.0521972068;5029492552.73;52249842439.92;"2024-02-28T23:59:59.999Z"
"2024-02-27T00:00:00.000Z";"2024-02-27T23:59:59.999Z";"2024-02-27T01:50:00.000Z";"2024-02-27T16:12:00.000Z";"2781";109.9187877266;112.2047132401;105.8969310096;108.3880868229;2723995105.89;47942351648.22;"2024-02-27T23:59:59.999Z"
"2024-02-26T00:00:00.000Z";"2024-02-26T23:59:59.999Z";"2024-02-26T22:46:00.000Z";"2024-02-26T12:23:00.000Z";"2781";103.4507064766;110.5803543926;100.4552035941;109.9185298173;2334408023.08;48496288090.04;"2024-02-26T23:59:59.999Z"
"2024-02-25T00:00:00.000Z";"2024-02-25T23:59:59.999Z";"2024-02-25T02:13:00.000Z";"2024-02-25T10:32:00.000Z";"2781";104.1326684269;104.3299374243;102.1710313675;103.4534925489;909662461.95;45631391775.02;"2024-02-25T23:59:59.999Z"
"2024-02-24T00:00:00.000Z";"2024-02-24T23:59:59.999Z";"2024-02-24T22:14:00.000Z";"2024-02-24T01:55:00.000Z";"2781";99.9543755697;104.6453914727;98.585206723;104.1335234863;1083637513.88;45931500095.34;"2024-02-24T23:59:59.999Z"
"2024-02-23T00:00:00.000Z";"2024-02-23T23:59:59.999Z";"2024-02-23T06:56:00.000Z";"2024-02-23T16:22:00.000Z";"2781";101.674623541;103.02283463;98.9583537946;99.9546962833;1483285120.02;44076070574.79;"2024-02-23T23:59:59.999Z"
"2024-02-22T00:00:00.000Z";"2024-02-22T23:59:59.999Z";"2024-02-22T10:35:00.000Z";"2024-02-22T23:58:00.000Z";"2781";105.1203064697;106.9954071814;101.6424012828;101.6697900488;1830636003.79;44832523183.21;"2024-02-22T23:59:59.999Z"
"2024-02-21T00:00:00.000Z";"2024-02-21T23:59:59.999Z";"2024-02-21T00:00:00.000Z";"2024-02-21T18:31:00.000Z";"2781";108.4526691882;108.4526691882;100.4120195429;105.1252222633;2246861646.82;46343257302.27;"2024-02-21T23:59:59.999Z"
"2024-02-20T00:00:00.000Z";"2024-02-20T23:59:59.999Z";"2024-02-20T00:04:00.000Z";"2024-02-20T15:32:00.000Z";"2781";111.4834460858;112.0367413985;104.8902284239;108.4596378554;2656976088.9;47813443199.68;"2024-02-20T23:59:59.999Z"
"2024-02-19T00:00:00.000Z";"2024-02-19T23:59:59.999Z";"2024-02-19T15:27:00.000Z";"2024-02-19T10:29:00.000Z";"2781";112.1788227511;114.7179766139;111.0814155323;111.485331291;1898655220.07;49133757690.38;"2024-02-19T23:59:59.999Z"
"2024-02-18T00:00:00.000Z";"2024-02-18T23:59:59.999Z";"2024-02-18T17:38:00.000Z";"2024-02-18T02:58:00.000Z";"2781";108.987605942;114.0013804068;107.6067187744;112.1746725413;1516321333.97;49437771948.54;"2024-02-18T23:59:59.999Z"
"2024-02-17T00:00:00.000Z";"2024-02-17T23:59:59.999Z";"2024-02-17T00:52:00.000Z";"2024-02-17T14:38:00.000Z";"2781";110.4433025896;111.0730407153;106.1252219328;108.9840192889;1370606631.42;48018264807.22;"2024-02-17T23:59:59.999Z"
"2024-02-16T00:00:00.000Z";"2024-02-16T23:59:59.999Z";"2024-02-16T03:17:00.000Z";"2024-02-16T18:08:00.000Z";"2781";113.6730699583;114.2530926863;108.348725915;110.4459156679;1921299578.53;48651395018.09;"2024-02-16T23:59:59.999Z"
"2024-02-15T00:00:00.000Z";"2024-02-15T23:59:59.999Z";"2024-02-15T00:56:00.000Z";"2024-02-15T22:55:00.000Z";"2781";116.9853859789;118.3064922612;111.7758774889;113.6994088808;2471486177.97;50087587751.22;"2024-02-15T23:59:59.999Z"
"2024-02-14T00:00:00.000Z";"2024-02-14T23:59:59.999Z";"2024-02-14T14:52:00.000Z";"2024-02-14T01:46:00.000Z";"2781";112.5749696252;118.3277827099;110.8784737545;116.9763278186;2391239729.4;51168708471.08;"2024-02-14T23:59:59.999Z"
"2024-02-13T00:00:00.000Z";"2024-02-13T23:59:59.999Z";"2024-02-13T08:59:00.000Z";"2024-02-13T17:14:00.000Z";"2781";111.9772494402;114.8106484543;108.4937803024;112.5793045127;2709494768.19;49245695574.8;"2024-02-13T23:59:59.999Z"
"2024-02-12T00:00:00.000Z";"2024-02-12T23:59:59.999Z";"2024-02-12T23:56:00.000Z";"2024-02-12T11:23:00.000Z";"2781";107.49262721;112.0696636443;103.6092910822;111.9927489949;2650731894.32;48975434169.51;"2024-02-12T23:59:59.999Z"
"2024-02-11T00:00:00.000Z";"2024-02-11T23:59:59.999Z";"2024-02-11T12:35:00.000Z";"2024-02-11T23:46:00.000Z";"2781";109.1166753593;110.5568695229;107.35765278;107.4952864041;1370383842.92;47008921890.01;"2024-02-11T23:59:59.999Z"
"2024-02-10T00:00:00.000Z";"2024-02-10T23:59:59.999Z";"2024-02-10T04:02:00.000Z";"2024-02-10T00:00:00.000Z";"2781";106.9336623057;110.7427882935;106.9336623057;109.1314699236;1836561569.95;47692621210.13;"2024-02-10T23:59:59.999Z"
"2024-02-09T00:00:00.000Z";"2024-02-09T23:59:59.999Z";"2024-02-09T22:02:00.000Z";"2024-02-09T00:00:00.000Z";"2781";102.7901755349;108.9877231566;102.7901755349;106.9333353328;2852770180.11;46732145804.68;"2024-02-09T23:59:59.999Z"
"2024-02-08T00:00:00.000Z";"2024-02-08T23:59:59.999Z";"2024-02-08T16:02:00.000Z";"2024-02-08T07:56:00.000Z";"2781";100.9954998139;104.7980446568;100.5536978113;102.7856335304;2288429230.42;44903265383.78;"2024-02-08T23:59:59.999Z"
"2024-02-07T00:00:00.000Z";"2024-02-07T23:59:59.999Z";"2024-02-07T23:23:00.000Z";"2024-02-07T10:56:00.000Z";"2781";96.8618931413;101.2366005026;94.7202250538;100.9792765301;1733607188.81;44114747715.49;"2024-02-07T23:59:59.999Z"
"2024-02-06T00:00:00.000Z";"2024-02-06T23:59:59.999Z";"2024-02-06T20:43:00.000Z";"2024-02-06T11:04:00.000Z";"2781";95.5496147671;97.7907897317;93.2807391527;96.8610762768;1699997346.24;42251383320.5;"2024-02-06T23:59:59.999Z"
"2024-02-05T00:00:00.000Z";"2024-02-05T23:59:59.999Z";"2024-02-05T13:49:00.000Z";"2024-02-05T22:34:00.000Z";"2781";95.4714685735;98.5440423634;94.2925248186;95.5486567914;1635327053.65;41679149743.02;"2024-02-05T23:59:59.999Z"
"2024-02-04T00:00:00.000Z";"2024-02-04T23:59:59.999Z";"2024-02-04T03:31:00.000Z";"2024-02-04T22:43:00.000Z";"2781";97.8850595879;98.4575904794;95.266372415;95.4769596685;1304106726.12;41636501944.27;"2024-02-04T23:59:59.999Z"
"2024-02-03T00:00:00.000Z";"2024-02-03T23:59:59.999Z";"2024-02-03T00:32:00.000Z";"2024-02-03T15:11:00.000Z";"2781";100.4511333903;101.0589814025;96.8125789706;97.8799829113;1349320818.75;42684724572.66;"2024-02-03T23:59:59.999Z"
"2024-02-02T00:00:00.000Z";"2024-02-02T23:59:59.999Z";"2024-02-02T12:17:00.000Z";"2024-02-02T00:08:00.000Z";"2781";97.834693591;102.4126277467;97.5741548755;100.4405249866;2574044076.59;43789388703.93;"2024-02-02T23:59:59.999Z"
"2024-02-01T00:00:00.000Z";"2024-02-01T23:59:59.999Z";"2024-02-01T22:01:00.000Z";"2024-02-01T04:37:00.000Z";"2781";97.0248408912;97.9441881542;93.3791924476;97.846696899;2951395443.99;42658921528.67;"2024-02-01T23:59:59.999Z"
"2024-01-31T00:00:00.000Z";"2024-01-31T23:59:59.999Z";"2024-01-31T18:01:00.000Z";"2024-01-31T21:31:00.000Z";"2781";101.4492535259;102.5480678169;96.103595289;97.028708523;3814467068.33;42279995731.26;"2024-01-31T23:59:59.999Z"
"2024-01-30T00:00:00.000Z";"2024-01-30T23:59:59.999Z";"2024-01-30T11:59:00.000Z";"2024-01-30T01:02:00.000Z";"2781";101.5666670031;106.2134590384;101.1093919576;101.4729783132;3328090832.82;44190898509.94;"2024-01-30T23:59:59.999Z"
"2024-01-29T00:00:00.000Z";"2024-01-29T23:59:59.999Z";"2024-01-29T23:46:00.000Z";"2024-01-29T00:57:00.000Z";"2781";95.9379822346;101.7719112238;95.1761345745;101.5666670031;2604890574.81;44219659597.08;"2024-01-29T23:59:59.999Z"
"2024-01-28T00:00:00.000Z";"2024-01-28T23:59:59.999Z";"2024-01-28T10:53:00.000Z";"2024-01-28T00:50:00.000Z";"2781";94.1818970731;99.3773735518;93.5383304661;95.9379822346;2425625612.03;41577492468.44;"2024-01-28T23:59:59.999Z"
"2024-01-27T00:00:00.000Z";"2024-01-27T23:59:59.999Z";"2024-01-27T23:17:00.000Z";"2024-01-27T09:02:00.000Z";"2781";92.3876285941;94.4376148116;90.8447609178;94.1632153;1256585306.52;40808775857.36;"2024-01-27T23:59:59.999Z"
"2024-01-26T00:00:00.000Z";"2024-01-26T23:59:59.999Z";"2024-01-26T20:18:00.000Z";"2024-01-26T01:14:00.000Z";"2781";86.8894502269;93.5286723642;86.1483950448;92.4423700574;2027305107.36;40051732062.32;"2024-01-26T23:59:59.999Z"
"2024-01-25T00:00:00.000Z";"2024-01-25T23:59:59.999Z";"2024-01-25T01:02:00.000Z";"2024-01-25T17:20:00.000Z";"2781";88.737797142;89.3768249753;85.2736780434;86.8892116072;1674093023.78;37645386638.01;"2024-01-25T23:59:59.999Z"
"2024-01-24T00:00:00.000Z";"2024-01-24T23:59:59.999Z";"2024-01-24T23:52:00.000Z";"2024-01-24T04:16:00.000Z";"2781";84.2872649142;89.2677202058;83.4186829568;88.7320065218;2352477735.58;38434388688.28;"2024-01-24T23:59:59.999Z"
"2024-01-23T00:00:00.000Z";"2024-01-23T23:59:59.999Z";"2024-01-23T04:32:00.000Z";"2024-01-23T14:23:00.000Z";"2781";83.6218398416;85.8401836646;79.0666941892;84.2745052054;2990436327.17;36503053042.26;"2024-01-23T23:59:59.999Z"
"2024-01-22T00:00:00.000Z";"2024-01-22T23:59:59.999Z";"2024-01-22T01:07:00.000Z";"2024-01-22T19:43:00.000Z";"2781";90.903693878;91.6361600945;82.6597648147;83.6228111686;2662287481.36;36210732592.34;"2024-01-22T23:59:59.999Z"
"2024-01-21T00:00:00.000Z";"2024-01-21T23:59:59.999Z";"2024-01-21T10:32:00.000Z";"2024-01-21T23:59:00.000Z";"2781";92.5895273088;93.7137867957;90.8484332896;90.8484332896;894963197.47;39339877376.47;"2024-01-21T23:59:59.999Z"
"2024-01-20T00:00:00.000Z";"2024-01-20T23:59:59.999Z";"2024-01-20T01:35:00.000Z";"2024-01-20T15:05:00.000Z";"2781";93.3938021806;94.0253124026;90.49375491;92.5698356029;1204443545.51;40074327320.01;"2024-01-20T23:59:59.999Z"
"2024-01-19T00:00:00.000Z";"2024-01-19T23:59:59.999Z";"2024-01-19T07:06:00.000Z";"2024-01-19T16:46:00.000Z";"2781";94.2506724242;95.1647300943;87.4836592607;93.3861704099;2631067383.09;40428014064.37;"2024-01-19T23:59:59.999Z"
"2024-01-18T00:00:00.000Z";"2024-01-18T23:59:59.999Z";"2024-01-18T00:08:00.000Z";"2024-01-18T19:59:00.000Z";"2781";102.0294973015;102.9231418729;92.1405799867;94.2509566185;2684524712.92;40791006370.9;"2024-01-18T23:59:59.999Z"
"2024-01-17T00:00:00.000Z";"2024-01-17T23:59:59.999Z";"2024-01-17T11:32:00.000Z";"2024-01-17T08:08:00.000Z";"2781";97.6158080295;102.4337362014;97.0551606299;102.0636024387;3220344762.81;44173861651.09;"2024-01-17T23:59:59.999Z"
"2024-01-16T00:00:00.000Z";"2024-01-16T23:59:59.999Z";"2024-01-16T22:20:00.000Z";"2024-01-16T00:02:00.000Z";"2781";94.4383493117;98.5953069507;94.3966809951;97.6269142107;1806576879.31;42242678606.96;"2024-01-16T23:59:59.999Z"
"2024-01-15T00:00:00.000Z";"2024-01-15T23:59:59.999Z";"2024-01-15T03:04:00.000Z";"2024-01-15T15:51:00.000Z";"2781";94.0365475468;96.8212324003;93.2411108996;94.4902249701;1755858498.77;40884383289.93;"2024-01-15T23:59:59.999Z"
"2024-01-14T00:00:00.000Z";"2024-01-14T23:59:59.999Z";"2024-01-14T16:26:00.000Z";"2024-01-14T23:43:00.000Z";"2781";95.7326471662;102.1735819686;93.8905646558;94.1331412224;2736734724.73;40716891332.77;"2024-01-14T23:59:59.999Z"
"2024-01-13T00:00:00.000Z";"2024-01-13T23:59:59.999Z";"2024-01-13T21:09:00.000Z";"2024-01-13T01:15:00.000Z";"2781";91.7597389354;96.9176447207;89.7544917461;95.7300497253;1880329064.95;41407829286;"2024-01-13T23:59:59.999Z"
"2024-01-12T00:00:00.000Z";"2024-01-12T23:59:59.999Z";"2024-01-12T00:10:00.000Z";"2024-01-12T22:31:00.000Z";"2781";99.9118696684;100.2544945494;88.3098482319;91.7209085446;2868799887.89;39640966832.35;"2024-01-12T23:59:59.999Z"
"2024-01-11T00:00:00.000Z";"2024-01-11T23:59:59.999Z";"2024-01-11T14:52:00.000Z";"2024-01-11T06:19:00.000Z";"2781";102.1036548493;106.9357343236;98.4125018964;99.9094415986;4174026719.18;43180158130.69;"2024-01-11T23:59:59.999Z"
"2024-01-10T00:00:00.000Z";"2024-01-10T23:59:59.999Z";"2024-01-10T23:21:00.000Z";"2024-01-10T15:02:00.000Z";"2781";99.3842384172;105.0823738318;92.5632608289;102.0330218515;4216429513.64;44063260014.84;"2024-01-10T23:59:59.999Z"
"2024-01-09T00:00:00.000Z";"2024-01-09T23:59:59.999Z";"2024-01-09T04:59:00.000Z";"2024-01-09T00:40:00.000Z";"2781";97.8160351445;103.7961668615;95.8937912629;99.4091890021;4070131683.36;42936802212.18;"2024-01-09T23:59:59.999Z"
"2024-01-08T00:00:00.000Z";"2024-01-08T23:59:59.999Z";"2024-01-08T19:28:00.000Z";"2024-01-08T03:28:00.000Z";"2781";89.2781780385;99.7618695707;85.6467007601;97.7904454168;4152448359.92;42237863322.44;"2024-01-08T23:59:59.999Z"
"2024-01-07T00:00:00.000Z";"2024-01-07T23:59:59.999Z";"2024-01-07T14:10:00.000Z";"2024-01-07T23:31:00.000Z";"2781";93.8603521731;96.6923999266;88.2234552262;89.2763469989;2288061691.69;38549501330.29;"2024-01-07T23:59:59.999Z"
"2024-01-06T00:00:00.000Z";"2024-01-06T23:59:59.999Z";"2024-01-06T00:01:00.000Z";"2024-01-06T06:58:00.000Z";"2781";99.987990613;100.0374100059;92.0227918135;93.8577212913;2235902092.36;40477077058.89;"2024-01-06T23:59:59.999Z"
"2024-01-05T00:00:00.000Z";"2024-01-05T23:59:59.999Z";"2024-01-05T00:24:00.000Z";"2024-01-05T17:10:00.000Z";"2781";105.0520106915;105.2354304347;95.9427253988;99.9787925731;3022127825.74;43103713121.13;"2024-01-05T23:59:59.999Z"
"2024-01-04T00:00:00.000Z";"2024-01-04T23:59:59.999Z";"2024-01-04T20:48:00.000Z";"2024-01-04T10:25:00.000Z";"2781";98.5869748223;107.9824647334;97.1083268411;105.0775345746;3272723247.05;45207060498.53;"2024-01-04T23:59:59.999Z"
"2024-01-03T00:00:00.000Z";"2024-01-03T23:59:59.999Z";"2024-01-03T07:12:00.000Z";"2024-01-03T12:13:00.000Z";"2781";106.6165309948;109.8480887731;92.9236647101;98.5944399406;5472216594.93;42397055220.06;"2024-01-03T23:59:59.999Z"
"2024-01-02T00:00:00.000Z";"2024-01-02T23:59:59.999Z";"2024-01-02T09:38:00.000Z";"2024-01-02T23:52:00.000Z";"2781";109.5490633162;116.8824911028;106.3889883633;106.6112176597;3782057552.64;45844632122.14;"2024-01-02T23:59:59.999Z"
"2024-01-01T00:00:00.000Z";"2024-01-01T23:59:59.999Z";"2024-01-01T23:59:00.000Z";"2024-01-01T00:00:00.000Z";"2781";101.5128100998;109.5086792101;101.5128100998;109.5086792101;2157671990.39;47090921460.2;"2024-01-01T23:59:59.999Z"
"2023-12-31T00:00:00.000Z";"2023-12-31T23:59:59.999Z";"2023-12-31T12:19:00.000Z";"2023-12-31T03:31:00.000Z";"2781";101.8441801402;105.1335419431;99.8864277238;101.5058185509;1748630533.28;43576016359.84;"2023-12-31T23:59:59.999Z"
"2023-12-30T00:00:00.000Z";"2023-12-30T23:59:59.999Z";"2023-12-30T01:28:00.000Z";"2023-12-30T09:46:00.000Z";"2781";106.2984995748;107.3282210492;101.068125124;101.8450841365;1863177830.27;43721923849.37;"2023-12-30T23:59:59.999Z"
"2023-12-29T00:00:00.000Z";"2023-12-29T23:59:59.999Z";"2023-12-29T09:34:00.000Z";"2023-12-29T01:02:00.000Z";"2781";102.0692856091;109.6711165154;100.0555116856;106.3115137698;4445797972.81;45626554052.31;"2023-12-29T23:59:59.999Z"
"2023-12-28T00:00:00.000Z";"2023-12-28T23:59:59.999Z";"2023-12-28T00:32:00.000Z";"2023-12-28T14:46:00.000Z";"2781";107.0227042537;109.4206545597;97.6686440725;102.1045649397;4492625125.53;43773566954.27;"2023-12-28T23:59:59.999Z"
"2023-12-27T00:00:00.000Z";"2023-12-27T23:59:59.999Z";"2023-12-27T11:01:00.000Z";"2023-12-27T17:05:00.000Z";"2781";112.654828942;115.033876569;105.4252293532;107.0237929463;4267938569.01;45817869730.12;"2023-12-27T23:59:59.999Z"
"2023-12-26T00:00:00.000Z";"2023-12-26T23:59:59.999Z";"2023-12-26T00:07:00.000Z";"2023-12-26T17:43:00.000Z";"2781";121.084336659;121.1439986543;104.728217061;112.6767379085;6117657160.15;48313950137.9;"2023-12-26T23:59:59.999Z"
"2023-12-25T00:00:00.000Z";"2023-12-25T23:59:59.999Z";"2023-12-25T18:13:00.000Z";"2023-12-25T00:46:00.000Z";"2781";112.5641165402;125.1938965069;108.9033805584;121.1464603673;5951791517.7;51786611386.75;"2023-12-25T23:59:59.999Z"
"2023-12-24T00:00:00.000Z";"2023-12-24T23:59:59.999Z";"2023-12-24T04:16:00.000Z";"2023-12-24T00:00:00.000Z";"2781";107.7251334663;117.3806650237;107.7251334663;112.4852109133;6365529250.56;48084460234.67;"2023-12-24T23:59:59.999Z"
"2023-12-23T00:00:00.000Z";"2023-12-23T23:59:59.999Z";"2023-12-23T22:55:00.000Z";"2023-12-23T04:09:00.000Z";"2781";98.0016886374;109.5088436608;93.1067646041;107.5942324756;3957434567.94;45992080618.39;"2023-12-23T23:59:59.999Z"
"2023-12-22T00:00:00.000Z";"2023-12-22T23:59:59.999Z";"2023-12-22T02:41:00.000Z";"2023-12-22T09:19:00.000Z";"2781";93.8580173323;99.1244273483;90.7984026895;98.0036898033;5284203994.7;41880257527.77;"2023-12-22T23:59:59.999Z"
"2023-12-21T00:00:00.000Z";"2023-12-21T23:59:59.999Z";"2023-12-21T23:13:00.000Z";"2023-12-21T01:19:00.000Z";"2781";82.185647394;95.3234419058;81.2377111173;93.8548106677;4711493440.89;40107699034.92;"2023-12-21T23:59:59.999Z"
"2023-12-20T00:00:00.000Z";"2023-12-20T23:59:59.999Z";"2023-12-20T18:15:00.000Z";"2023-12-20T00:00:00.000Z";"2781";72.9899925573;83.9574517042;72.9899925573;82.1912309049;3745738278;35163692628.75;"2023-12-20T23:59:59.999Z"
"2023-12-19T00:00:00.000Z";"2023-12-19T23:59:59.999Z";"2023-12-19T07:52:00.000Z";"2023-12-19T18:02:00.000Z";"2781";74.349192201;76.2714066534;72.0106119373;72.989769789;1900875404.86;31228131991.34;"2023-12-19T23:59:59.999Z"
"2023-12-18T00:00:00.000Z";"2023-12-18T23:59:59.999Z";"2023-12-18T21:49:00.000Z";"2023-12-18T10:35:00.000Z";"2781";70.9326343969;75.3805385039;67.3344053437;74.3471642602;2281865174.45;31799840320.44;"2023-12-18T23:59:59.999Z"
"2023-12-17T00:00:00.000Z";"2023-12-17T23:59:59.999Z";"2023-12-17T19:19:00.000Z";"2023-12-17T23:37:00.000Z";"2781";73.4747847003;74.7200150572;70.8244536169;71.0005220431;1552380671.94;30369699317.36;"2023-12-17T23:59:59.999Z"
"2023-12-16T00:00:00.000Z";"2023-12-16T23:59:59.999Z";"2023-12-16T16:01:00.000Z";"2023-12-16T00:40:00.000Z";"2781";72.4334771927;77.0791980176;71.5693411999;73.4735021539;1781972897.55;31418622371.22;"2023-12-16T23:59:59.999Z"
"2023-12-15T00:00:00.000Z";"2023-12-15T23:59:59.999Z";"2023-12-15T09:49:00.000Z";"2023-12-15T23:58:00.000Z";"2781";75.6366902252;79.1510720507;72.3666359293;72.3689914588;2821390651.83;30946209748.6;"2023-12-15T23:59:59.999Z"
"2023-12-14T00:00:00.000Z";"2023-12-14T23:59:59.999Z";"2023-12-14T23:31:00.000Z";"2023-12-14T02:36:00.000Z";"2781";70.748674331;76.1799827077;69.8573264068;75.6203316959;2464938440.18;32331670085.39;"2023-12-14T23:59:59.999Z"
"2023-12-13T00:00:00.000Z";"2023-12-13T23:59:59.999Z";"2023-12-13T22:22:00.000Z";"2023-12-13T07:03:00.000Z";"2781";68.5322527587;72.3547582825;64.3697761453;70.767784104;2414610074.74;30246516215.66;"2023-12-13T23:59:59.999Z"
"2023-12-12T00:00:00.000Z";"2023-12-12T23:59:59.999Z";"2023-12-12T02:25:00.000Z";"2023-12-12T18:01:00.000Z";"2781";70.3442831594;72.3409298331;65.9689964081;68.5406812864;2366453483.89;29225637724.22;"2023-12-12T23:59:59.999Z"
"2023-12-11T00:00:00.000Z";"2023-12-11T23:59:59.999Z";"2023-12-11T00:01:00.000Z";"2023-12-11T14:35:00.000Z";"2781";74.714223404;74.8381117892;67.2154912028;70.3671758271;3729540309.39;29993796014.15;"2023-12-11T23:59:59.999Z"
"2023-12-10T00:00:00.000Z";"2023-12-10T23:59:59.999Z";"2023-12-10T23:58:00.000Z";"2023-12-10T10:01:00.000Z";"2781";72.2729504042;74.7245972527;70.9192299197;74.7058865212;1849363354.2;31830671446.41;"2023-12-10T23:59:59.999Z"
"2023-12-09T00:00:00.000Z";"2023-12-09T23:59:59.999Z";"2023-12-09T07:47:00.000Z";"2023-12-09T23:37:00.000Z";"2781";74.9895460091;77.5020238813;72.0396893756;72.2576057578;2893248364.08;30778693904.72;"2023-12-09T23:59:59.999Z"
"2023-12-08T00:00:00.000Z";"2023-12-08T23:59:59.999Z";"2023-12-08T23:50:00.000Z";"2023-12-08T00:01:00.000Z";"2781";67.8467176473;75.1297932691;67.8412295903;75.002436131;3612712432.31;31949059185.36;"2023-12-08T23:59:59.999Z"
"2023-12-07T00:00:00.000Z";"2023-12-07T23:59:59.999Z";"2023-12-07T22:25:00.000Z";"2023-12-07T00:05:00.000Z";"2781";61.9340416662;69.3004686312;61.8730078189;67.8378270757;3002455074.66;28902143956.65;"2023-12-07T23:59:59.999Z"
"2023-12-06T00:00:00.000Z";"2023-12-06T23:59:59.999Z";"2023-12-06T09:05:00.000Z";"2023-12-06T00:00:00.000Z";"2781";60.9798669718;66.3836245534;60.9798669718;61.9029583029;3030993885.78;26332769686.16;"2023-12-06T23:59:59.999Z"
"2023-12-05T00:00:00.000Z";"2023-12-05T23:59:59.999Z";"2023-12-05T18:13:00.000Z";"2023-12-05T07:46:00.000Z";"2781";61.5291743141;62.5400036716;59.2508292699;60.994830463;1693517648.74;25890669935.12;"2023-12-05T23:59:59.999Z"
"2023-12-04T00:00:00.000Z";"2023-12-04T23:59:59.999Z";"2023-12-04T05:47:00.000Z";"2023-12-04T14:10:00.000Z";"2781";63.0377679488;65.1332406135;60.2805226741;61.5266137085;2211865569.01;26108945916.99;"2023-12-04T23:59:59.999Z"
"2023-12-03T00:00:00.000Z";"2023-12-03T23:59:59.999Z";"2023-12-03T01:09:00.000Z";"2023-12-03T17:32:00.000Z";"2781";63.8208765181;65.3962590797;62.4166228292;63.0399654472;1368876645.17;26749940761.24;"2023-12-03T23:59:59.999Z"
"2023-12-02T00:00:00.000Z";"2023-12-02T23:59:59.999Z";"2023-12-02T23:59:00.000Z";"2023-12-02T00:02:00.000Z";"2781";59.8037447992;63.832860031;59.7737604837;63.832860031;1346327048.52;27078672252.97;"2023-12-02T23:59:59.999Z"
"2023-12-01T00:00:00.000Z";"2023-12-01T23:59:59.999Z";"2023-12-01T10:04:00.000Z";"2023-12-01T00:50:00.000Z";"2781";59.2381770658;61.7580176392;58.7782104274;59.8039973432;1376669759.63;25369600095.54;"2023-12-01T23:59:59.999Z"
"2023-11-30T00:00:00.000Z";"2023-11-30T23:59:59.999Z";"2023-11-30T12:50:00.000Z";"2023-11-30T01:11:00.000Z";"2781";59.2535178485;61.4378748923;58.9469206238;59.2416237142;1263841020.66;25115707773.59;"2023-11-30T23:59:59.999Z"
"2023-11-29T00:00:00.000Z";"2023-11-29T23:59:59.999Z";"2023-11-29T09:07:00.000Z";"2023-11-29T00:16:00.000Z";"2781";58.1930495222;61.6533595185;57.8550900923;59.2501295194;1941361673.85;25093452354.89;"2023-11-29T23:59:59.999Z"
"2023-11-28T00:00:00.000Z";"2023-11-28T23:59:59.999Z";"2023-11-28T20:56:00.000Z";"2023-11-28T06:02:00.000Z";"2781";55.0626279421;58.6068220608;54.0853241435;58.1943692854;1412314014.59;24639227969.5;"2023-11-28T23:59:59.999Z"
"2023-11-27T00:00:00.000Z";"2023-11-27T23:59:59.999Z";"2023-11-27T01:10:00.000Z";"2023-11-27T19:49:00.000Z";"2781";57.6288668342;58.0212239709;53.7144693178;55.0646196778;1237763215.47;23315764052.11;"2023-11-27T23:59:59.999Z"
"2023-11-26T00:00:00.000Z";"2023-11-26T23:59:59.999Z";"2023-11-26T00:07:00.000Z";"2023-11-26T16:33:00.000Z";"2781";58.8454186021;58.9579611653;56.5114561215;57.6426988254;871154750.01;24407453540;"2023-11-26T23:59:59.999Z"
"2023-11-25T00:00:00.000Z";"2023-11-25T23:59:59.999Z";"2023-11-25T02:34:00.000Z";"2023-11-25T00:08:00.000Z";"2781";56.8662869289;59.6541437371;56.3252781438;58.8464904739;1183793273.27;24910006396.5;"2023-11-25T23:59:59.999Z"
"2023-11-24T00:00:00.000Z";"2023-11-24T23:59:59.999Z";"2023-11-24T10:37:00.000Z";"2023-11-24T00:15:00.000Z";"2781";56.578890504;58.6860117602;56.3490920753;56.8664407452;1146346830.94;24069836546.4;"2023-11-24T23:59:59.999Z"
"2023-11-23T00:00:00.000Z";"2023-11-23T23:59:59.999Z";"2023-11-23T12:16:00.000Z";"2023-11-23T19:31:00.000Z";"2781";57.5780165414;59.4739212876;56.2875644951;56.5993690437;1379316732.86;23949413792.84;"2023-11-23T23:59:59.999Z"
"2023-11-22T00:00:00.000Z";"2023-11-22T23:59:59.999Z";"2023-11-22T21:13:00.000Z";"2023-11-22T00:01:00.000Z";"2781";52.0021265971;58.7915650775;51.7374964502;57.5885597373;1985653841.94;24365952890.74;"2023-11-22T23:59:59.999Z"
"2023-11-21T00:00:00.000Z";"2023-11-21T23:59:59.999Z";"2023-11-21T01:49:00.000Z";"2023-11-21T22:58:00.000Z";"2781";56.540366435;57.365686755;51.5559139562;52.0004730182;2440890238.03;21995659219.31;"2023-11-21T23:59:59.999Z"
"2023-11-20T00:00:00.000Z";"2023-11-20T23:59:59.999Z";"2023-11-20T00:00:00.000Z";"2023-11-20T23:43:00.000Z";"2781";61.3704586738;61.3704586738;56.3534328949;56.5338342947;1937313546.42;23913284883.86;"2023-11-20T23:59:59.999Z"
"2023-11-19T00:00:00.000Z";"2023-11-19T23:59:59.999Z";"2023-11-19T23:19:00.000Z";"2023-11-19T01:35:00.000Z";"2781";58.5242843168;62.0211523818;56.8826487614;61.3935581427;1998656461.24;25961432818.7;"2023-11-19T23:59:59.999Z"
"2023-11-18T00:00:00.000Z";"2023-11-18T23:59:59.999Z";"2023-11-18T19:57:00.000Z";"2023-11-18T07:07:00.000Z";"2781";58.3926749297;59.2834434248;55.0623123486;58.5127250794;1942321169.36;24743277356.78;"2023-11-18T23:59:59.999Z"
"2023-11-17T00:00:00.000Z";"2023-11-17T23:59:59.999Z";"2023-11-17T02:01:00.000Z";"2023-11-17T15:47:00.000Z";"2781";57.9210377383;60.4162892562;54.5516465122;58.4159355145;3185454734.79;24694112031.14;"2023-11-17T23:59:59.999Z"
"2023-11-16T00:00:00.000Z";"2023-11-16T23:59:59.999Z";"2023-11-16T06:40:00.000Z";"2023-11-16T23:28:00.000Z";"2781";65.539446888;67.9921534619;56.8101295259;57.8714010298;3922608772.03;24458743630.75;"2023-11-16T23:59:59.999Z"
"2023-11-15T00:00:00.000Z";"2023-11-15T23:59:59.999Z";"2023-11-15T20:29:00.000Z";"2023-11-15T03:44:00.000Z";"2781";56.8399408432;66.8676646758;56.3089857029;65.5344027024;3793937162.46;27682833195.96;"2023-11-15T23:59:59.999Z"
"2023-11-14T00:00:00.000Z";"2023-11-14T23:59:59.999Z";"2023-11-14T14:23:00.000Z";"2023-11-14T00:01:00.000Z";"2781";51.902216821;57.7301066655;51.714460977;56.8383758553;3195616616.34;24008328584.88;"2023-11-14T23:59:59.999Z"
"2023-11-13T00:00:00.000Z";"2023-11-13T23:59:59.999Z";"2023-11-13T14:19:00.000Z";"2023-11-13T23:59:00.000Z";"2781";56.1806260617;59.7136591555;51.9070508347;51.9070508347;2942685125.96;21919715447.04;"2023-11-13T23:59:59.999Z"
"2023-11-12T00:00:00.000Z";"2023-11-12T23:59:59.999Z";"2023-11-12T07:46:00.000Z";"2023-11-12T00:50:00.000Z";"2781";56.1320321844;61.7149054657;54.9421060416;56.1540967764;2987356951.97;23706316366.18;"2023-11-12T23:59:59.999Z"
"2023-11-11T00:00:00.000Z";"2023-11-11T23:59:59.999Z";"2023-11-11T14:35:00.000Z";"2023-11-11T08:24:00.000Z";"2781";56.6409947383;63.4154486643;54.044867649;56.1026629416;4182963131.69;23628554348.09;"2023-11-11T23:59:59.999Z"
"2023-11-10T00:00:00.000Z";"2023-11-10T23:59:59.999Z";"2023-11-10T23:25:00.000Z";"2023-11-10T00:06:00.000Z";"2781";45.4423696785;57.3491019934;45.2168475462;56.6438540417;3795204637.52;23840315649.8;"2023-11-10T23:59:59.999Z"
"2023-11-09T00:00:00.000Z";"2023-11-09T23:59:59.999Z";"2023-11-09T14:55:00.000Z";"2023-11-09T01:10:00.000Z";"2781";43.1818713079;48.7030660817;42.6081852307;45.4448278295;2830770419.34;19133073938.9;"2023-11-09T23:59:59.999Z"
"2023-11-08T00:00:00.000Z";"2023-11-08T23:59:59.999Z";"2023-11-08T08:35:00.000Z";"2023-11-08T01:08:00.000Z";"2781";43.0859178747;43.8050559528;42.3942276339;43.1898880799;1009177436.83;18178633103.95;"2023-11-08T23:59:59.999Z"
"2023-11-07T00:00:00.000Z";"2023-11-07T23:59:59.999Z";"2023-11-07T21:01:00.000Z";"2023-11-07T03:02:00.000Z";"2781";42.1377721353;44.4258493324;40.3199083276;43.0925459627;1780187159.34;18137705915.71;"2023-11-07T23:59:59.999Z"
"2023-11-06T00:00:00.000Z";"2023-11-06T23:59:59.999Z";"2023-11-06T23:55:00.000Z";"2023-11-06T05:29:00.000Z";"2781";41.2385640116;42.1550689345;39.8250779394;42.1285902954;1010459087.96;17697740585.54;"2023-11-06T23:59:59.999Z"
"2023-11-05T00:00:00.000Z";"2023-11-05T23:59:59.999Z";"2023-11-05T02:13:00.000Z";"2023-11-05T21:54:00.000Z";"2781";42.3733667786;42.8035405828;40.3801274615;41.238601527;884855277.69;17323908541.65;"2023-11-05T23:59:59.999Z"